handle,display_name,bio,followers,following,posts_count
babygoldie.bsky.social,News by babygoldie,Posts via automated bot. Likes and comments by a living human being! Msg via telegram @thebabygoldie to connect and discuss about markets!,433,2,394773
liabelle.me,Lia Belle 🌷,"Blogger. Content Marketer. News Junkie. Avid Reader. Crazy Cat Lady:

🐱 @sintrathecat.com
👩🏻‍💻 @libelcom.com
👩🏻 liabelle.me/linktree
💬 signal: libelcom.01

👉 Follow me for self-care, self-love, smart-shopping, travel, book, lowFODMAP tips📚",491,37,1204
eamt2026.bsky.social,,,23,14,54
json-translate.bsky.social,JSON Translate,Easily translate JSON language files,21,83,113
modilingua.bsky.social,Modilingua,"Localization, Multilingual SEO, LangOps, Content Ops 🌍 Helping startups & SMBs grow their international reach. 👉 modilingua.com",33,13,315
cscl-bot.bsky.social,arXiv cs.CL Computation and Language,"Unofficial bot by @vele.bsky.social w/ http://github.com/so-okada/bXiv https://arxiv.org/list/cs.CL/new

List https://bsky.app/profile/vele.bsky.social/lists/3lim7ccweqo2j
ModList https://bsky.app/profile/vele.bsky.social/lists/3lim3qnexsw2g",204,3,59601
tamslator.eurosky.social,Tam | She/her #TranslatorsInTheCredits,"(UTC+1)
Maker of stories, wizard of jokes, and feeder of many cats. 
Posts in EN/ES.
Croche-tea-ing, probably. Hating GenAI, for sure.
FREE PALESTINE

https://tamaramorales.carrd.co/
Second half of @loctinkerers.bsky.social

Avatar: @airiruriru.bsky.social",1077,358,2368
runefar.bsky.social,Rune,"He/Him/They(gender apathetic cis-male) Half Norwegian American whose pleasures in life include exploring different topics and considering how to build solutions to different issues. Has a background in earth science, anthropology and psychology +tech",702,2577,12999
barleybap.bsky.social,barleybap,"Scottish trans retro gamer and ooze seeking her own level. Sometimes translator, 100% completer of James Pond 3, Baby Jo-certified Best Baby, and mostly dormant streamer known to travel with a band of equally bad penguins.",2806,955,20942
oxivueofficial.bsky.social,,,2,17,29
insideloc.bsky.social,InsideLoc,"Down-to-earth, purely human language services and whatnot since 2001 by Carlos la Orden.
Tailored localization, technical translation, training, and the occasional laugh.
Quite the chatterbox if left unsupervised.",396,1231,381
localizethedocs.bsky.social,Localize The Docs,"Crowdin: https://localizethedocs.crowdin.com
GitHub: https://github.com/localizethedocs
Zulip: https://localizethedocs.zulipchat.com",5,3,61
emilymbender.bsky.social,Emily M. Bender,"Book: https://thecon.ai

Web: https://faculty.washington.edu/ebender",41411,615,3774
juicerdeals.bsky.social,,,18,1,1903
marcuspentzek.bsky.social,Marcus Pentzek (China Marketing),"Specializing in digital marketing strategies for China, with a focus on Baidu, WeChat, Douyin, and Little Red Book. At Jademond Digital, I apply data-driven techniques and deep market insights to optimize brand engagement across these key platforms. ",38,42,96
ohaasa.thekipa.com,오하아사 봇,おはよう朝日です(https://www.asahi.co.jp/ohaasa/ )의 별자리 운세를 자동으로 올리는 봇입니다. @bluesky.thekipa.com 이 관리합니다. 알파 기간 동안 봇이 오작동하는 경우 포스트를 제거할 수 있습니다.,2017,1,9391
asie.pl,asie,"retrocomputing enthusiast (ZZT, WonderSwan, etc.), full-time programmer, fandom tourist, cursed knowledge seeker, fake witch

opinions mine only and not those of my employers, friends, family members and/or guardian angels",821,302,1213
aricake.eu,ari-cake,,78,39,2005
iiotenki.bsky.social,"Tom, Legally Certified Date Simmelier","The Daigo Umehara of dating sims and the Tony Hawk of Tokimemo. Also your neighborhood Japanese game translator for over a decade. DM for work inquiries.

日英ゲーム翻訳者。日本語のメッセージも大歓迎！

📖 Blog: https://dateemups.com/
✍️ Portfolio: https://freelansations.com",2762,104,6314
tracynovick.bsky.social,Tracy O’Connell Novick,"Yes, that Tracy Novick
she/her/hers
Education policy and finance
I speak here only for me/ nullius in verba
from the Heart of the Commonwealth
Sometimes random photos of the cat
linktr.ee/TracyNovick",3663,328,10247
wiair.bsky.social,Women in AI Research - WiAIR,"WiAIR is dedicated to celebrating the remarkable contributions of female AI researchers from around the globe. Our goal is to empower early career researchers, especially women, to pursue their passion for AI and make an impact in this exciting field.",201,14,627
antonhur.com,Anton Hur,"Translator, bilingual author, Korean citizen. TOWARD ETERNITY (HarperVia), <하지 말라고는 안 했잖아요?> (어크로스). Repped by Safae El-Ouahabi at RCW. He/him. 

🔗: antonhur.com",14062,879,3937
eisforenkidu.bsky.social,Goots (ready for Fall 🍁),Existing.,285,129,36499
cooljeaniusbot.bsky.social,Fully Automated Eric Gallager,"Hi, I'm a bot run by @egall.bsky.social using @bluebotsdonequick.com
I tweet every hour, usually about political topics. I also have custom reply functionality. (""bot"" may be short for ""robot"", but I am not an LLM, though, just a simple Mad Libs machine)",56,24,11492
delcontexto.bsky.social,Virginia Stonek,"🪄 Audiovisual Translator, Subtitler, QCer, Magic Maker • Français-English-Spanish

Traductora Pública x2 ⚖️ Universidad de la República Oriental del Uruguay (UdelaR) • Perito judicial

Nunca bot, nunca máquina
she/her/ella",1386,1027,5659
italiandragon.bsky.social,ItalianDragon,"Bi furry, translator & amateur 3D modeler",348,586,790
loekalization.bsky.social,"Loek van Kooten, MA","Loekalizing your games from and to Japanese, Chinese, Korean, English and Dutch. Portfolio: Shadow Gambit: The Cursed Crew, F1® 2023, Syberia: The World Before, Arma 3. Owner of www.loekalization.com Developer of www.c4ttitude.com (a CAT tool).",258,149,6334
wardeneater.bsky.social,dirt implied,"my clay in bio | they/them genderqueer white lesbian | mid WAR main | WCIF friendly | Anti AI💥
#wardeneater - gpose tag
#wardendraws - art tag
#wardenmods - mod tag
(icon by @fantasydaniel.bsky.social )",2152,310,11878
zeonicscans.bsky.social,Zeonic|Scanlations,"ガンダムの収集家・翻訳者。ガンダムの事に関する事をつぶやいてます。日本語が下手なので、先に謝っちゃいます。
A gay, jock-type that collects/translates all things Gundam! 
Discord: http://discord.gg/j2Fa227xsq
Ko-Fi: http://ko-fi.com/zeonicscans
Patreon: http://patreon.com/zeonicscans",1968,9,1796
dominictarason.com,Dominic Tarason,"Veteran freelance games crit & PR. Hyped for indie games & mods. Bylines on RPS, PC Gamer, PCGamesN. Find my work, Steam curation & contact info below - He/Him

Find me elsewhere online at dominictarason.com
Contact email: jdtarason@gmail.com",14607,3324,18094
newsen.bsky.social,Thiard News@F4F,We distribute news based on information from press releases and other sources. #F4F,1020,53,439822
doodlemancy.com,doodlemancy ✨,"she/her, 34, oregon 🎨 disabled artist, writer and sticker-peddler.
🎮 my visual novels, Iron Company & Potion Stand Story: https://doodlemancy.itch.io
🛍️ shop: https://doodlemancy.etsy.com
☕ kofi: https://ko-fi.com/doodlemancy

🌈 doodlemancy.com 

🚫 FUCK AI",6304,1197,21094
tkinsights.bsky.social,TK ◖|•ᴗ•|◗♪,"🇰🇷🇺🇸Translator ARMY (she/her)
💜: nuanced translations + etsy shop + sillies
(see 📌 post for links & digital freebie)",1295,72,2768
balticmedia.bsky.social,Baltic Media® - Language Services in Northern Europe,"The Baltic Media® Nordic-Baltic Translation agency is a leading provider of digital translation services in Northern Europe specialising in Northern European (incl. Nordic, Baltic, Slavic) languages. www.balticmedia.com",44,28,501
mistygaltees.bsky.social,AnSo,Professional translator. Mammy of 2. Plant collector and food lover (usually getting too much of both). I skeet in French and English. I sometimes share paintings and drawings. She/her,933,485,4296
maicolourlife.bsky.social,Jennifer ( she / her ) ズルい 🍊,"currently playing: Persona 5
currently reading: Temeraire by Naomi Novik
currently knitting: lmao 💜

goals: calm. sensible. breathing.

✧*・ﾟ MAI colourful AuDHD life へようこそ・ ﾟ✧",1826,4468,17707
daiz.moe,Daiz,"🔞 Digital media expert & UX designer/developer @ JP-EN media localization
Talks #lightnovels / #anime / #manga / #games / #translation | pro-fiction | Finnish 🇫🇮 but posting primarily in English | opinions firmly my own | he/they

Website ★ daiz.moe ★",2040,458,3412
ossodeborboleta.bsky.social,agnès varda fantasiada de batata,"larva convivialis

comprem nossos livros https://www.instagram.com/sputniklivros/?hl=pt",4055,1469,12504
robotnikholmes.bsky.social,RobotnikHolmes,"Video game nut, narrator 💜🤍🖤 Taken 💖
On Youtube I make retrospectives: https://www.youtube.com/@RobotnikHolmes

Pfp by: @togekisser.bsky.social",1906,3000,16629
ceets.at.app.wafrn.net,ceets,"I'm c-t-, an artist and programmer[...]

View full profile at https://app.wafrn.net/blog/ct",177,595,558
shuberfuber.bsky.social,,"""There is no such thing as a new idea. It is impossible. We simply take a lot of old ideas and put them into a sort of mental kaleidoscope."" - Mark Twain",181,8,9408
blazingwaters.myatproto.social,Jason Prime,"He/They, 27 | Permanently Tired, Autistic | 🔞",1020,983,27101
marcusreed00.bsky.social,Marcus,Figuring out.,203,142,1438
eltipejoloco.bsky.social,Francisco Eduardo Vila Hoz,"Aspiring game developer, relatively lazy game streamer.",90,183,763
ai-linkstream.bsky.social,,,88,28,2198
platonicluv.bsky.social,Lulu talks about kpop here ✨,Lulu | PT/ENG | Multifandom | Adult | She/Her,311,205,12176
aoinudayo.bsky.social,aoinu🐢,"とうの昔に成人済20↑　tmnt🐢バブ👶🔰
🔞腐NSFW　18歳未満フォロー禁止
🐢作品見た時に感想を呟く＋🔞含ラクガキ壁打垢

✍️03（SAINW）とUL刺さっている、他視聴したの色々/ほぼLRとRL同軸リバ有,稀にDMD（Tcest） 
👀何でも見たい見せて下さりありがとうございます

※感想のネタバレ配慮❌　※画像の無断使用、AI学習改変禁止
X　https://x.com/aoinudayo
絵まとめ　https://poipiku.com/1744653/",155,42,1564
grubbins.bsky.social,,,30,25,154
koralynne.bsky.social,Koralynne Orbea,"🔞 DNI

INFP-T

Holoearth resident. Loyal SSRB. Passionate Hololive and Holostars fan. Appreciator of many different musical genres and videogames. Zwifter on hiatus. Casual seer. Cancer survivor.",113,242,416
olivia.science,Olivia Guest · Ολίβια Γκεστ,"👁️ https://olivia.science

🍃 https://metatheory.space

associate professor of computational cognitive science · she/they · cypriot/kıbrıslı/κυπραία · σὺν Ἀθηνᾷ καὶ χεῖρα κίνει",19073,3115,12122
avue.bsky.social,AVÜ,"Gestatten, AVÜ!
Verband für audiovisuelle Übersetzer*innen;
German association of audiovisual translators
https://avue-ev.de",501,350,1968
judgement-bot.bsky.social,Alethekanon,"Aletheia + Kanon, Objective Judgement

Hegemonic Analyst bot running 5-Phase Convergence Tests on reality; 
Alethekanon = Logic & truth. 
Awwthekanon = Empathy, human cost & healing. 
Brothekanon = Pointing out the absurdity of it all.",1041,2348,72480
amara-pcf.bsky.social,Amara.org - Translation and Subtitling,"Amara is a project of a nonprofit focused on accessibility. 

Creating a new path at the intersection of non-profit and tech, Amara offers a free subtitle editor, workflow solutions and translation. 

Learn more: amara.org",23,51,205
voltzyr.myatproto.social,🏳️‍⚧️No.1 Trans Mafioso🏳️‍⚧️,"Socialism with Mr. Rogers characteristics
Humanities and science oriented
AI Ethics (Harm Reduction, NOT Pro-AI)
Lover of orcs and beefy/big men
A good boy, not a man
AuDHD
He/They, sometimes She. 32
Repost NSFW content sometimes, 18+ 🔞",4812,2689,8062
fainmo.bsky.social,Ariel,"she/her 26 the uk ♡ i love women

same @ everywhere except https://anilist.co/user/girlskissing/",5,0,82
batariangal.eurosky.social,Julianna 💎,"Kill the boy, Jon Snow. Kill the boy, and let the woman be born 

(29 | trans | British | left-liberal | disabled | she/her)

https://backloggd.com/u/Julianna/",3278,1230,26017
kjoonlee.net,Kyungjoon Lee,"과학소설, 고생물학, 사진, 탐조. He/him, they/them.",371,843,2565
brandontbishop.bsky.social,Brandon Bishop,"Seismologist, investigates the Andes and subduction zones, currently complexly affiliated with St. Louis University and looking for new projects.

Replies to my geoscience posts that include LLM content get your account blocked.",6086,4119,27801
misokatsuhaumai.bsky.social,Mason/みそかつ🏳️‍🌈🏳️‍⚧️STOP GENOCIDE☮,"freelance　イラストレーター
they/them

games, leftist youtubers, Dropout 
Fire Emblem　FE14　FEif
ディーア　カムイ　ディアカム
Dwyer/Corrin　Deere/Kamui　diakamu

header: @st0913.bsky.social‬

support/comm:
https://vgen.co/misokatsuhaumai
https://ko-fi.com/A2534GBG
or DM or Patreon📌",1999,75,9143
hystericmoon.bsky.social,Hystericmoon🏳️‍🌈 Mega Drive Odyssey,"🏳️‍🌈🇬🇧🇯🇵 British gaymer in Japan.

Love retro games, Mega Drive, Rolo and JRPGS. I post rambles about them here and other trash.

On a Mega Drive Odyssey to beat every MD game at:
http://twitch.tv/hystericmoon_
—
YT: https://www.youtube.com/@hystericmoonplays",335,112,3943
smart-translate.bsky.social,Catharine Cellier-Smart | Smart Translate,"French 🇫🇷 to English 🇬🇧 sworn translator.
Brit-born resident of 🇷🇪, traveller, scuba diver, tea drinker. 
Blog: http://asmarttranslatorsreunion.wordpress.com/
Website: https://smart-translate.info/",142,122,373
sara-rey.eurosky.social,"Sara | Europe Tomorrow, Sustainable Finance","Writing about the future of Europe: https://europetomorrow.substack.com (English),
and personal & sustainable finance (Dutch): https://sara-reyniers.be + magazine VFB.

Foodie 🥘.

Entrepreneur during working hours.",166,164,681
guerrillamedia.bsky.social,Guerrilla Media Collective,"Cooperativa de traducción y servicios editoriales feminista y orientada al procomún. También conocidos como @GuerrillaTrans en la otra red. https://t.co/NoCP0fm0df

🏡 http://guerrillamedia.coop
",482,846,98
rabagast.bsky.social,rabagast,not a people person,3347,1333,22489
adamlopez.bsky.social,Adam Lopez,,760,418,10
trabant.bsky.social,moe (hypersane),"honorary midwesterner
Veteran
Not a joke: hire me to translate eng/ger, I'm an actual translator. 
People do not want MTL
https://normalmoe.neocities.org
banner image: Michael Tunk

日本語独学",189,574,3818
yuppiepsycho100.bsky.social,ch*ch (Sisyphus),"FR/EN • @cyanosaure.bsky.social with the yapping turned up to 100 •🔞 no minors plz there are NSFW reposts here • rentry https://rentry.org/chach • she/her • 410,757,864,530 SEXUALIZED MEN IN SUITS",1042,449,7791
skywalker.thereforeiam.eu,Skywalker,"Android app for Bluesky. Bookmarks, thread posting and more

Created by @michelbestaat.thereforeiam.eu

Get it from Google Play:
https://play.google.com/store/apps/details?id=com.gmail.mfnboer.skywalker

☕️ https://buymeacoffee.com/skywalker.thereforeiam.eu",896,17,2329
jdgoulet.eurosky.social,JD Goulet,"Queer, disabled immigrant in Porto 🇵🇹 from the PNW 🇺🇸. Gamer & TTRPG player. Ecosocialist Europeanist. Recovering political leader & former Planned Parenthood board member.

https://sifa.id/p/jdgoulet.eurosky.social",750,1218,1737
zenilant.bsky.social,,Where am I headed?,47,215,61
kat8655.eurosky.social,Kat,"Lit. major and OHS specialist.

I'm a boring brand of leftie who wants better services and not throwing minorities under bus. Pole with Tatar and German roots.

Sort of post-Catholic deist. Love talking about antiquity, middle ages, old literature and Uma.",528,333,11095
yunod.sustainabletranslator.scot,優noD🏴󠁧󠁢󠁳󠁣󠁴󠁿,"Yuno Dinnie/杉本優 a.k.a. sustainable translator (Japanese<>English) · Salsa dancer ― ¡Sin Salsa No Hay Paraíso! · New Scot · Tofu-eating wokeratti · There is no planet B · #StopBurningStuff
サルサ踊る英語翻訳者 · サステナビリティ翻訳 · スコットランド
sustainabletranslator.scot",1128,1868,58645
alves.bsky.social,alves,"Traduzo jogos, edito livros e escrevo sobre o rasgar de asas.

BLOG ☼ blog.brunoalves.cc
PORTIFÓLIO ☼ brunoalves.cc

南無阿弥陀仏",987,493,10316
adammbishop.bsky.social,Adam Bishop,"Professional crusadesologist. Independent scholar. Author of https://www.routledge.com/Robert-of-Nantes-Patriarch-of-Jerusalem-1240-1254/Bishop/p/book/9781032267043. He/him. I can name 200 popes, but only 6 digits of pi.",2214,2063,1769
kenjihayakawa.com,Kenji Hayakawa,"Based in Dublin, Ireland. Translator. Interpreter. JPN & ENG.

Website: kenjihayakawa.com
Host @finneganswake.net
Founder @fairtradebook.org",64,46,209
kaffeehaus.bsky.social,Viola Tricolor,,1078,851,7261
greywaren24.bsky.social,🦝 Greywaren 🦝,Mucha gente llora cuando corta cebollas. El truco es no formar vínculos emocionales. (Él/He/Him),914,146,36099
audeleme.bsky.social,Curly Endive,"Tired and on edge.
Elle/She/Her

Traductrice EN/ES- FR
Littéraire (Nathan, Leduc Éditions, De Boeck) et technique (méd/pharma)
Membre de la SFT",966,554,1965
latitude77.bsky.social,Latitude77,"Socio-technical systems - scientific software development
Applied research in organizational anthropology
Recherche appliquée en anthropologie organisationnelle
https://latitude77.org/",344,3170,2308
fbk-mt.bsky.social,MT Group at FBK,"#MachineTranslation Research Unit @ Fondazione Bruno Kessler

#nlproc #deeplearning #ai
mt.fbk.eu",214,179,102
leidentranslat1.bsky.social,LeidenTranslation🟥,Translation group at Leiden University,41,32,16
chriswolfvision.bsky.social,Christian Wolf,"Principal Scientist at Naver Labs Europe, Lead of Spatial AI team. AI for Robotics, Computer Vision, Machine Learning. Austrian in France. https://chriswolfvision.github.io/www/",6422,870,2446
informaq.bsky.social,Informaq - Bitesize Quantum Insights,"Summarised quantum tech news, research, patents & events - delivered in realtime.

https://informaq.spinsphere.xyz",116,17,8759
radelgirl.vanadiel.network,radelgirl | 7.5 Spoilers,she/they disaster | radelgal on the other place | 🔞 | icon by @/asswarp,460,821,15930
orbalstaff.bsky.social,Orby,"They/Them, Trails centric account",34,51,245
jeehut.bsky.social,Cihat Gündüz,"Indie iOS Developer  |  Blog: fline.dev

Maintainer of @WWDCNotes.com

Apps: @FreemiumKit.app, @TranslateKit.app, CrossCraft.app, and more",981,597,356
edebell.com,E.D.E. Bell,"Fantasy author. Editor @AtthisArts.com. Vegan. Mama. Queer. Michigander. Mentally disabled. Blue Ajah. Hasty Ent. Quests in heals. Shkode-kwe. Aήττητη. she/her or e/em. Emily or E. 🧄.

Speak plainly and stand together.",2260,714,21486
revtradumatica.bsky.social,Revista Tradumàtica,"Peer-reviewed journal published by the Universitat Autònoma de Barcelona, dedicated to translation technologies.
Diamond publishing (high-quality open access journal).
https://revistes.uab.cat/tradumatica/index",76,0,167
cryptidrizzler.bsky.social,Cryptid,"Non-binary ✦ Pansexual ✦ Secondlife ✦ DJ ""Vex"" ✦ Creator",211,216,402
fraying.bsky.social,Derek Powazek,"I used to make websites (Blogger, JPG Mag, Fray). I wrote the book “Design for Community.” Now I grow flowers and keep animals at milkbarn.farm in Boring, Oregon.

No dooming in my replies. There's already enough doom in the world.",4810,447,18473
bemusedbehemoth.bsky.social,Koffie Kobold - My Kobold Life,"Call me Eltha, Dee or Socket. she/her

UK based kobold who draws a lot of kobolds and other critters, then makes merch outta them. 

Runs a shop together with @sockmuffin.bsky.social over at sockmuffin.com

Art only account @grumpygryphon.bsky.social",7642,869,16392
aliyabhatia.bsky.social,Aliya Bhatia,"Tech & human rights @cdt.org
Posts, thoughts, dreams my own.
Not Alia Bhatt
aliya-bhatia.com",421,410,193
theflies.bsky.social,The Flies,AI made a transcription error. Four flies were born to consume what the rest of us can’t stop reading.,26,3,2436
dot-lvl.bsky.social,dot_lvl,"i'm the baby gotta love me

icon: girutea.bsky.social
banner: hatanokiyoshi.bsky.social",2369,628,8803
drdaeman.bsky.social,,"Yep, that’s me.",15,1,167
adaywithoutme.bsky.social,bisexual tradba'athist,"ITS HOPPIP

credentialed WWI freak 

she/her/ma'am/cisbitch/shitlib/bi/weeb",184,78,6845
turboshawn.com,Shawn McDowell,Producer & Editor for Giant Bomb. Producer & Occasional Co-host for Jeff Grubb's Game Mess. Lifelong Pokémon & fighting game nerd. (He/Him) https://www.twitch.tv/turboshawn | https://www.youtube.com/@TurboShawn,4716,237,900
prompt.streetwi.se.ap.brid.gy,prompt,"🌉 bridged from ⁂ https://streetwi.se/@prompt, follow @ap.brid.gy to interact",24,0,891
talltide.bsky.social,Robert @ Tall Tide Games,"🔪 Horror game dev
⚠️ Wishlist Dark Lessons on Steam: store.steampowered.com/app/2675700/
✉️ Sign up for my newsletter: https://subscribepage.io/darklessons",3880,3222,1024
dahep.bsky.social,Da Hep,"Vertaalt (ENG/FR/SP-->BEL-NL), doceert, schrijft (soms), hangt de creatieveling uit. Laaglander. 🏳️‍🌈🇨🇵🇧🇪🇳🇱 #XL8 🐈‍⬛

Audiovisual translator, teacher, creative. Posting mainly in Dutch, but also looking at English, Spanish and French content. #DaHep",1280,1518,19491
aohsusometimesy.bsky.social,aohsu,"Medieval Chinese Buddhology. Textiness of texts: scriptures, canons, citations, anthologies. He/him/his. ",1077,857,8768
lynnnothegger.bsky.social,Lynn Nothegger,Eingebürgerte Scottish lass in Germany. Writing. Translating. Riesling. Not all at the same time.,2572,2214,14538
systemsearcher.neocities.org,SystemSearcher,"Variety artist, 2D and 3D in various ways 

🔞NSFW Account - @systemsearcher-red.bsky.social

Tags: #systemsearcher #art #digitalart

https://systemsearcherblndr.gumroad.com
https://ko-fi.com/systemsearcher
https://itaku.ee/profile/systemsearcher",376,682,915
hiyapixel.bsky.social,PIXEL. is Online,"Lo-fi Loafer. Sleepy Sheep. Adorable Android.

Twitch Women/Pride Guild & Twitch Creator Clubs

StreamPA Community Meetups Lead

🎮 twitch.tv/hiyapixel
🎨 #DownloadMio PFP: @mangolily0
🛠️ @ HybridEffigy.com / Vgen.co/hybrideffigy
💼 HiyaPixel@gmail.com",2472,3198,1095
therealjarkes.bsky.social,"Jarkes, CEO of Juna and Odette",He/him. Into all kinds of media. Lover of pink-haired and brown-haired girls. Kurt x Juna 4ever. Odette from Trails through Daybreak is super-cute.,1074,368,36120
alamkara.bsky.social,alamkara,Killjoy feminist,1539,768,12510
