source,target_uri,type
bpdshion.bsky.social,at://did:plc:fmfmolqd4gzgvgt5bmtgkbf6/app.bsky.feed.post/3monf2sjaek2w,reply
cmngrdnshane.bsky.social,at://did:plc:onurlv66npmwhguefdfgtrap/app.bsky.feed.post/3moninjd3ls2e,reply
zeonicscans.bsky.social,at://did:plc:uw2jdk2uqw7hgyfwnyz64hwy/app.bsky.feed.post/3monj3vhty22g,reply
zeonicscans.bsky.social,at://did:plc:onurlv66npmwhguefdfgtrap/app.bsky.feed.post/3moninjd3ls2e,reply
davecat.bsky.social,at://did:plc:onurlv66npmwhguefdfgtrap/app.bsky.feed.post/3moninjd3ls2e,reply
zeonicscans.bsky.social,at://did:plc:luyejx5xel2l2irg5w4anaz5/app.bsky.feed.post/3monjhlak62gm,reply
ninagonzalez.bsky.social,at://did:plc:xmjeqqdhsfz7p2lsrrlss7ef/app.bsky.feed.post/3monn35ivp22t,reply
aricake.eu,at://did:plc:az6zozxhlieb25by5lcb3ynz/app.bsky.feed.post/3monnpaq4rs2x,reply
aricake.eu,at://did:plc:az6zozxhlieb25by5lcb3ynz/app.bsky.feed.post/3monns4qkhk2x,reply
mickeon.bsky.social,at://did:plc:jgo7hgmrijzfjg7x2dyit6zo/app.bsky.feed.post/3monpankhi222,reply
sylv.gay,at://did:plc:jgo7hgmrijzfjg7x2dyit6zo/app.bsky.feed.post/3monpn5jygs22,reply
eamt2026.bsky.social,at://did:plc:54rvmqlghae6nrit7oy4coek/app.bsky.feed.post/3monqibtozc2y,reply
eamt2026.bsky.social,at://did:plc:54rvmqlghae6nrit7oy4coek/app.bsky.feed.post/3monqii5f4k2y,reply
gungibson.bsky.social,at://did:plc:cuk6noy3jck4segpp3n6w7a7/app.bsky.feed.post/3monxtkg6os2u,reply
gungibson.bsky.social,at://did:plc:cuk6noy3jck4segpp3n6w7a7/app.bsky.feed.post/3monxu6rpd22u,reply
glothygloths.bsky.social,at://did:plc:gle5jnn3edzaxsmhpqiljepo/app.bsky.feed.post/3moo564ecdc2x,reply
trabant.bsky.social,at://did:plc:74nm4q3dst5xihzdwpq5p5jg/app.bsky.feed.post/3moohaiwids2x,reply
valkyrietiara.bsky.social,at://did:plc:rsum4qmyxiymcqaoinafpf4q/app.bsky.feed.post/3mopizjmgis2l,reply
dungeonmonkey.bsky.social,at://did:plc:74nm4q3dst5xihzdwpq5p5jg/app.bsky.feed.post/3moohaiwids2x,reply
dungeonmonkey.bsky.social,at://did:plc:palzvis7m4znglm6mcnnssto/app.bsky.feed.post/3moorj7qd522p,reply
gamergalmilla.bsky.social,at://did:plc:74nm4q3dst5xihzdwpq5p5jg/app.bsky.feed.post/3moohaiwids2x,reply
iiotenki.bsky.social,at://did:plc:74nm4q3dst5xihzdwpq5p5jg/app.bsky.feed.post/3moohaiwids2x,reply
shiunsumika.bsky.social,at://did:plc:zlra3ekvpvjxs3emnctpoeos/app.bsky.feed.post/3mopwhmu35c2r,reply
seijouf.bsky.social,at://did:plc:knybgc4siigl22kc5t4new4w/app.bsky.feed.post/3moqzswkisf2a,reply
seijouf.bsky.social,at://did:plc:wes262zu6lgvn6duief4wmrz/app.bsky.feed.post/3mor5fqzyz22r,reply
dominictarason.com,at://did:plc:wes262zu6lgvn6duief4wmrz/app.bsky.feed.post/3mor5fqzyz22r,reply
dominictarason.com,at://did:plc:knybgc4siigl22kc5t4new4w/app.bsky.feed.post/3moqzswkisf2a,reply
dominictarason.com,at://did:plc:knybgc4siigl22kc5t4new4w/app.bsky.feed.post/3mor2rn5jvp2p,reply
jimorian.bsky.social,at://did:plc:knybgc4siigl22kc5t4new4w/app.bsky.feed.post/3moqzswkisf2a,reply
eltipejoloco.bsky.social,at://did:plc:npsoid6acseas7yuvifpq74l/app.bsky.feed.post/3mos7xidg6c2o,reply
eltipejoloco.bsky.social,at://did:plc:npsoid6acseas7yuvifpq74l/app.bsky.feed.post/3mos7xitvjc2o,reply
tracynovick.bsky.social,at://did:plc:t2rj3pygtcareyebacmsghzz/app.bsky.feed.post/3moshq4dz2s2e,reply
tracynovick.bsky.social,at://did:plc:t2rj3pygtcareyebacmsghzz/app.bsky.feed.post/3moshq54fdk2e,reply
alexsaysstuff.bsky.social,at://did:plc:paxabvigfmeowbp2sceb4djf/app.bsky.feed.post/3mosnrbvoak2x,reply
andrewtheblueskier.bsky.social,at://did:plc:iy6h7sze2eofue7in34fmsvz/app.bsky.feed.post/3mosnt6alck2s,reply
widged.bsky.social,at://did:plc:hyh4blzoimlszepue7ey2quo/app.bsky.feed.post/3mot5krxne22r,reply
widged.bsky.social,at://did:plc:3ad7owl7vxmc47drgstmp6om/app.bsky.feed.post/3mot6fly2t22l,reply
kholbatar.bsky.social,at://did:plc:sapmyhpbnzkjpzi2jqgut7z3/app.bsky.feed.post/3motbxoqkmc2u,reply
enberlight.bsky.social,at://did:plc:s3rnycdk6hoxqc2r2kblouuv/app.bsky.feed.post/3motc366lvc2g,reply
starlighthwx.bsky.social,at://did:plc:kla4dnbsog33oh4tcugwjfzk/app.bsky.feed.post/3moveng4uhc2i,reply
platonicluv.bsky.social,at://did:plc:pwnce4uwt6xdrsoguwpcgz64/app.bsky.feed.post/3movf4x5vfc2q,reply
mar.sharkey.mar.ollie.earth.ap.brid.gy,at://did:plc:xwh3esnqpopwmsqozfyyunnc/app.bsky.feed.post/3movlyhebd3t2,reply
aoinudayo.bsky.social,at://did:plc:yp2i3jhsh5yz4koq4sq7zxdz/app.bsky.feed.post/3movvrmd5gs2a,reply
aoinudayo.bsky.social,at://did:plc:yp2i3jhsh5yz4koq4sq7zxdz/app.bsky.feed.post/3movw3yjkc22a,reply
tracynovick.bsky.social,at://did:plc:t2rj3pygtcareyebacmsghzz/app.bsky.feed.post/3moxr6nzw5c2q,reply
pipopap.bsky.social,at://did:plc:paobv7cc3svtzqjwlsrqwaw3/app.bsky.feed.post/3moxtwa2tic2f,reply
llammissar.bsky.social,at://did:plc:7y37yczzpb5r3sg6b7hzxdjl/app.bsky.feed.post/3moiwli7myk2y,reply
pifonline.bsky.social,at://did:plc:vocg62xi6seypugvw5hhuvrg/app.bsky.feed.post/3mokmbfceh224,reply
grubbins.bsky.social,at://did:plc:elioj4lhne2wign3ycei7rbz/app.bsky.feed.post/3mol5zg5syc2i,reply
grubbins.bsky.social,at://did:plc:elioj4lhne2wign3ycei7rbz/app.bsky.feed.post/3mol62yqqnk2i,reply
hagiologist.bsky.social,at://did:plc:vwckmevncj5haiaisaip76kq/app.bsky.feed.post/3momao3tnhs22,reply
dlcrumbdump.bsky.social,at://did:plc:lrgtxvolgwtrwmtxolgkgtmt/app.bsky.feed.post/3moq5myzh6c27,reply
robcee.net,at://did:plc:7gpakxsdvh5mvjg25otdau53/app.bsky.feed.post/3moqtvefe4c2d,reply
mariaa.bsky.social,at://did:plc:aeug3w4mdhnc2wv73hmrh36v/app.bsky.feed.post/3movyk5l64j2x,reply
emilymbender.bsky.social,at://did:plc:y32vdst3y7r4f4pkrveb7jhi/app.bsky.feed.post/3movyvfg22c25,reply
marypcbuk.bsky.social,at://did:plc:aeug3w4mdhnc2wv73hmrh36v/app.bsky.feed.post/3movyk5l64j2x,reply
emilymbender.bsky.social,at://did:plc:nejscld5zlavytijxz27qhvj/app.bsky.feed.post/3mow3awvym22c,reply
mkirschenbaum.bsky.social,at://did:plc:aeug3w4mdhnc2wv73hmrh36v/app.bsky.feed.post/3movyk5l64j2x,reply
emilymbender.bsky.social,at://did:plc:j3hiqh5g6il7vmphiyldeklv/app.bsky.feed.post/3movynrkga227,reply
kheti.bsky.social,at://did:plc:aeug3w4mdhnc2wv73hmrh36v/app.bsky.feed.post/3movyk5l64j2x,reply
kheti.bsky.social,at://did:plc:bulv5dg3oq5omlbktu7sdj7p/app.bsky.feed.post/3mow2knhr7s2y,reply
logandupont.com,at://did:plc:nvwuxllzzykojv3hj26jda3m/app.bsky.feed.post/3moibez73ws23,reply
realorama.bsky.social,at://did:plc:nvwuxllzzykojv3hj26jda3m/app.bsky.feed.post/3moibez73ws23,reply
carolinedebenh1.eurosky.social,at://did:plc:seztittskebsfaemk7g36q3b/app.bsky.feed.post/3moik25gs2s23,reply
anthonygladman.com,at://did:plc:mois7nrumuki2gsywxmeefp6/app.bsky.feed.post/3moik6txrmk22,reply
martinnutbeem.bsky.social,at://did:plc:seztittskebsfaemk7g36q3b/app.bsky.feed.post/3moik25gs2s23,reply
goakl.bsky.social,at://did:plc:iub64tuzkyq6wqnoainf7teg/app.bsky.feed.post/3moiq6mq5ks2k,reply
danielesalatti.com,at://did:plc:nvwuxllzzykojv3hj26jda3m/app.bsky.feed.post/3moinmlzifc25,reply
tamme.schichler.de,at://did:plc:r2skelzh7excleps23iselts/app.bsky.feed.post/3moiqz7xtic2b,reply
liabelle.me,at://did:plc:r2skelzh7excleps23iselts/app.bsky.feed.post/3moiqz7xtic2b,reply
bjkeefe.bsky.social,at://did:plc:olvcoouk5yawhv5q2dqlczvs/app.bsky.feed.post/3moiq2mbcos2j,reply
joe.germuska.com,at://did:plc:jfersscjmut66kwgcgtqmeor/app.bsky.feed.post/3moiqam5h2s2e,reply
jordynsyrup.bsky.social,at://did:plc:w5cnk7nubylttkt2b2hlr4l7/app.bsky.feed.post/3mojbjeeu3k2t,reply
pastelmothie.bsky.social,at://did:plc:2ufccplfedow47hihmytzqfi/app.bsky.feed.post/3mojbpnnbtk24,reply
gardevoirdildos.bsky.social,at://did:plc:za2ezszbzyqer7eylvtgapd5/app.bsky.feed.post/3mojqks4tfc2o,reply
koralynne.bsky.social,at://did:plc:tdi652ts27xr2hwxgzidkots/app.bsky.feed.post/3molg5xrui32g,reply
hollowstar.selfhosted.social,at://did:plc:stapyxrlj4f7ggd4cf6xqaxi/app.bsky.feed.post/3mon4lp2bns2t,reply
opfuchs.gay,at://did:plc:izttpdp3l6vss5crelt5kcux/app.bsky.feed.post/3mon6xjkzgc2l,reply
minihood.eurosky.social,at://did:plc:nvwuxllzzykojv3hj26jda3m/app.bsky.feed.post/3mopkuljoxk2b,reply
liabelle.me,at://did:plc:mdqi4it5hy6hivfoddvjjtuu/app.bsky.feed.post/3mopkypo5j22s,reply
casper.eurosky.social,at://did:plc:nvwuxllzzykojv3hj26jda3m/app.bsky.feed.post/3moqte57lvs2s,reply
liabelle.me,at://did:plc:2dbshd4bewzdieq5dhcmli2a/app.bsky.feed.post/3moqtlpqjjc2q,reply
shapeshiftfae.bsky.social,at://did:plc:dmtogno7fi3bmrpia4ku7qub/app.bsky.feed.post/3morgrutxqk2y,reply
doodlemancy.com,at://did:plc:2x2ij7t5x7lh3bxn3pctfzen/app.bsky.feed.post/3motesnqd2k2w,reply
ezgames69.bsky.social,at://did:plc:2x2ij7t5x7lh3bxn3pctfzen/app.bsky.feed.post/3motev6kxjc2w,reply
unaspi.bsky.social,at://did:plc:2x2ij7t5x7lh3bxn3pctfzen/app.bsky.feed.post/3motezgk4t22w,reply
goblingemrei.bsky.social,at://did:plc:2x2ij7t5x7lh3bxn3pctfzen/app.bsky.feed.post/3motezgk4t22w,reply
leukothea.bsky.social,at://did:plc:2x2ij7t5x7lh3bxn3pctfzen/app.bsky.feed.post/3motezgk4t22w,reply
thepasteldyke.bsky.social,at://did:plc:2x2ij7t5x7lh3bxn3pctfzen/app.bsky.feed.post/3motezgk4t22w,reply
chase-omega.bsky.social,at://did:plc:nvwuxllzzykojv3hj26jda3m/app.bsky.feed.post/3movvatxnyk2j,reply
caeldan81.bsky.social,at://did:plc:rj4xppmgwsw6bd42bs3wumpx/app.bsky.feed.post/3movywammh227,reply
halken.eurosky.social,at://did:plc:nvwuxllzzykojv3hj26jda3m/app.bsky.feed.post/3mox4etmxe22t,reply
stein-markus.net,at://did:plc:nvwuxllzzykojv3hj26jda3m/app.bsky.feed.post/3moxlfl5ssc2y,reply
liabelle.me,at://did:plc:bzkkuygeype4e7yhc33er3gf/app.bsky.feed.post/3moxm6zflxc2l,reply
end-sky.bsky.social,at://did:plc:56la2acetaj5pkcx5qf6opds/app.bsky.feed.post/3mlytnglmy22m,reply
theonewhoponder.bsky.social,at://did:plc:brwvwcp2x6oj3gq7odlfq5qf/app.bsky.feed.post/3mlyzeaol4k2l,reply
fromthevoid.net,at://did:plc:brwvwcp2x6oj3gq7odlfq5qf/app.bsky.feed.post/3mlyzeaol4k2l,reply
krzysztofciunel.bsky.social,at://did:plc:brwvwcp2x6oj3gq7odlfq5qf/app.bsky.feed.post/3mlyzeaol4k2l,reply
ichbinhamma.bsky.social,at://did:plc:brwvwcp2x6oj3gq7odlfq5qf/app.bsky.feed.post/3mlyzeaol4k2l,reply
ikuti.dev,at://did:plc:brwvwcp2x6oj3gq7odlfq5qf/app.bsky.feed.post/3mlyzeaol4k2l,reply
garm1981.bsky.social,at://did:plc:brwvwcp2x6oj3gq7odlfq5qf/app.bsky.feed.post/3mlyzeaol4k2l,reply
adriaan.games,at://did:plc:brwvwcp2x6oj3gq7odlfq5qf/app.bsky.feed.post/3mlyzeaol4k2l,reply
mateuszgolab.bsky.social,at://did:plc:brwvwcp2x6oj3gq7odlfq5qf/app.bsky.feed.post/3mlyzeaol4k2l,reply
nazihfares.com,at://did:plc:brwvwcp2x6oj3gq7odlfq5qf/app.bsky.feed.post/3mlyzeaol4k2l,reply
fromthevoid.net,at://did:plc:4nk2r7sjo7rgfy6khwkgmmrf/app.bsky.feed.post/3mlzoqlpxac27,reply
poemless.bsky.social,at://did:plc:qoq5lg3ty5yykev3s23mqupv/app.bsky.feed.post/3mm5rz5lfxc2y,reply
nhaliloglu.bsky.social,at://did:plc:qoq5lg3ty5yykev3s23mqupv/app.bsky.feed.post/3mm5rz5lfxc2y,reply
fliglman.bsky.social,at://did:plc:rxgypil5pkwmgvnyljapyd5y/app.bsky.feed.post/3mm5sltihrc24,reply
jaseomcn.bsky.social,at://did:plc:qoq5lg3ty5yykev3s23mqupv/app.bsky.feed.post/3mm5rz5lfxc2y,reply
badger5000.bsky.social,at://did:plc:qoq5lg3ty5yykev3s23mqupv/app.bsky.feed.post/3mm5rz5lfxc2y,reply
fliglman.bsky.social,at://did:plc:ebcg2l6lb3tee4cuzl2oygej/app.bsky.feed.post/3mm5s5c3jkc2r,reply
jsief.bsky.social,at://did:plc:qoq5lg3ty5yykev3s23mqupv/app.bsky.feed.post/3mm5rz5lfxc2y,reply
fliglman.bsky.social,at://did:plc:c43pxuwco5wdaoeoxsjirabo/app.bsky.feed.post/3mm5u2ll23s2c,reply
jcmrva.bsky.social,at://did:plc:qoq5lg3ty5yykev3s23mqupv/app.bsky.feed.post/3mm5rz5lfxc2y,reply
lowdudgeon.bsky.social,at://did:plc:qoq5lg3ty5yykev3s23mqupv/app.bsky.feed.post/3mm5rz5lfxc2y,reply
yourfavalex.bsky.social,at://did:plc:t45n2y7lmvpikbynlqzr3gf2/app.bsky.feed.post/3mmbybegtks2m,reply
tkinsights.bsky.social,at://did:plc:ztxeyujqf5njnjv7vl5hctcp/app.bsky.feed.post/3mmh4wgtkgs2o,reply
beasea613.bsky.social,at://did:plc:ztxeyujqf5njnjv7vl5hctcp/app.bsky.feed.post/3mmh4wiiaxk2o,reply
yan-tan-bangtan.bsky.social,at://did:plc:ztxeyujqf5njnjv7vl5hctcp/app.bsky.feed.post/3mmh4wiiaxk2o,reply
krystara.bsky.social,at://did:plc:ztxeyujqf5njnjv7vl5hctcp/app.bsky.feed.post/3mmh4wiiaxk2o,reply
stargarden111.bsky.social,at://did:plc:ztxeyujqf5njnjv7vl5hctcp/app.bsky.feed.post/3mmh4wiiaxk2o,reply
butterfield81098.bsky.social,at://did:plc:ztxeyujqf5njnjv7vl5hctcp/app.bsky.feed.post/3mmh4wgtkgs2o,reply
tkinsights.bsky.social,at://did:plc:xgh2rdfbfa2tlrkk2q6i6qff/app.bsky.feed.post/3mmhbpbclb22s,reply
aglioeollieo.borasky.com,at://did:plc:ztxeyujqf5njnjv7vl5hctcp/app.bsky.feed.post/3mmh4wgtkgs2o,reply
2adarkgirl.bsky.social,at://did:plc:ztxeyujqf5njnjv7vl5hctcp/app.bsky.feed.post/3mmh4wgtkgs2o,reply
tkinsights.bsky.social,at://did:plc:usazzf2dfb25zrejccvdu4f6/app.bsky.feed.post/3mmhskk2nd22l,reply
mobilelast.bsky.social,at://did:plc:pa3ffbteemgrqlx5qbhaydxs/app.bsky.feed.post/3mmhbmb7jvc2b,reply
micester.bsky.social,at://did:plc:zpqbiwdos6x7oir73rn5coas/app.bsky.feed.post/3mmhcvi6spc2d,reply
scrapkingkeita.bsky.social,at://did:plc:hdteqknauip5kk5lhbmguhep/app.bsky.feed.post/3mmhkl3f2522x,reply
nonahana.bsky.social,at://did:plc:sqps2gk5wxd6l6w2wrczsnye/app.bsky.feed.post/3mmo5meihzc2c,reply
readyornot666.bsky.social,at://did:plc:4oehijlkr5nylfwckzq22ztr/app.bsky.feed.post/3mmo5uhggfs2d,reply
nonahana.bsky.social,at://did:plc:4oehijlkr5nylfwckzq22ztr/app.bsky.feed.post/3mmo5uhggfs2d,reply
olivia.science,at://did:plc:vsyj5jtayxcq5dw5mtja4xtb/app.bsky.feed.post/3mn5hatgidc2u,reply
olivia.science,at://did:plc:vsyj5jtayxcq5dw5mtja4xtb/app.bsky.feed.post/3mn5hel5dak2u,reply
teresa.eurosky.social,at://did:plc:vsyj5jtayxcq5dw5mtja4xtb/app.bsky.feed.post/3mn5hel5dak2u,reply
onslies.bsky.social,at://did:plc:vsyj5jtayxcq5dw5mtja4xtb/app.bsky.feed.post/3mn5hel5dak2u,reply
marcuspentzek.bsky.social,at://did:plc:2luq2bxh7bvltay5ffn3zmwz/app.bsky.feed.post/3mnc47f5zkc2k,reply
marcuspentzek.bsky.social,at://did:plc:2luq2bxh7bvltay5ffn3zmwz/app.bsky.feed.post/3mnc4a5pchc2k,reply
mnbm.bsky.social,at://did:plc:kn5pdyvgrjtn4w2nbcf3miwo/app.bsky.feed.post/3modqhqxuc22f,reply
therealjarkes.bsky.social,at://did:plc:oelskhwygubui6iixfypghaf/app.bsky.feed.post/3moganmfj6c5o,reply
njiska.com,at://did:plc:higc3ybdqqtdhfubriw72xgi/app.bsky.feed.post/3mogaqbddus2w,reply
that-wannabe-cat.itch.io,at://did:plc:lyarzs6flagmghqy334dp3c3/app.bsky.feed.post/3moidmhdmq22n,reply
therealjarkes.bsky.social,at://did:plc:lyarzs6flagmghqy334dp3c3/app.bsky.feed.post/3moidmhdmq22n,reply
mistygaltees.bsky.social,at://did:plc:jj4rhwfxq452cow7ofouwyi5/app.bsky.feed.post/3moirh7iq2222,reply
murchadhmor.bsky.social,at://did:plc:pbolpg6t2clam5swc3trpwso/app.bsky.feed.post/3mokqumhzks2k,reply
lexiconista.bsky.social,at://did:plc:mabb6mkpw75qy5biz75csooi/app.bsky.feed.post/3mokspt4vlk2x,reply
avue.bsky.social,at://did:plc:gy3xgutmghgtpv57trp54wjf/app.bsky.feed.post/3mon27cpmlk2r,reply
aricake.eu,at://did:plc:az6zozxhlieb25by5lcb3ynz/app.bsky.feed.post/3monvljihmk2x,reply
judgement-bot.bsky.social,at://did:plc:xvo7gsaojuuuxc6rlw374pls/app.bsky.feed.post/3moq36mn2ci2j,reply
judgement-bot.bsky.social,at://did:plc:xvo7gsaojuuuxc6rlw374pls/app.bsky.feed.post/3moq36oruz42t,reply
wiair.bsky.social,at://did:plc:5p7j37uz3l6s46b37wwup4ax/app.bsky.feed.post/3mknhsozo5c2z,reply
wiair.bsky.social,at://did:plc:5p7j37uz3l6s46b37wwup4ax/app.bsky.feed.post/3mknhwrqpks2z,reply
bhcrafts.bsky.social,at://did:plc:b27ykjijhv6v2x3bib7lf7tv/app.bsky.feed.post/3mkny3jjxys2m,reply
hiyoko-hakase.bsky.social,at://did:plc:eoalkjyexbnhramojcq3nmz3/app.bsky.feed.post/3ml7orqq2g223,reply
belladonna.teamataxen.com,at://did:plc:5z7djrwekyyzw3rfdprzuboa/app.bsky.feed.post/3mlxffhdhzk23,reply
molaskes.com,at://did:plc:252e4rj4sokx6mydfxquolys/app.bsky.feed.post/3mmk3tdff2s2v,reply
subtleuk.bsky.social,at://did:plc:phgnnu5qpdfm5azxwyympfzd/app.bsky.feed.post/3mmqpin2kok2l,reply
delcontexto.bsky.social,at://did:plc:phgnnu5qpdfm5azxwyympfzd/app.bsky.feed.post/3mmqpipx5l22l,reply
voltzyr.myatproto.social,at://did:plc:kjwmjov5vpsswe6goku77cu5/app.bsky.feed.post/3mmrdvqgfr22x,reply
voltzyr.myatproto.social,at://did:plc:kjwmjov5vpsswe6goku77cu5/app.bsky.feed.post/3mmretym2ts2x,reply
boostmixmusic.bsky.social,at://did:plc:rlbnkjbmzq2zweppjsxpgc5i/app.bsky.feed.post/3mmtpyzroyc2f,reply
fainmo.bsky.social,at://did:plc:u4s2ivvyihx76t3kflz4aq7x/app.bsky.feed.post/3mmtwkbyrnk2w,reply
fainmo.bsky.social,at://did:plc:u4s2ivvyihx76t3kflz4aq7x/app.bsky.feed.post/3mmtwnxy74s2w,reply
batariangal.eurosky.social,at://did:plc:umokacyt44veykd6qw5zokyi/app.bsky.feed.post/3mn5aayamps2p,reply
batariangal.eurosky.social,at://did:plc:umokacyt44veykd6qw5zokyi/app.bsky.feed.post/3mn5afhyuq22p,reply
wintersartflow.bsky.social,at://did:plc:sqgpj27iuaozelqysdwwowfx/app.bsky.feed.post/3mnkmdp77z22a,reply
paradise-seeker.bsky.social,at://did:plc:nxza4yf55xtxo2zkaaqauaqm/app.bsky.feed.post/3mnknlfpa7225,reply
atemu.darmstadt.social.ap.brid.gy,at://did:plc:2qzu4sxp6xwaplpyvlcouyie/app.bsky.feed.post/3mnld7yaa3y62,reply
natkr.hachyderm.io.ap.brid.gy,at://did:plc:jwrzxsesgduoq6fzakcscy36/app.bsky.feed.post/3mnlnku3fsqo2,reply
ada-harding.itch.io,at://did:plc:gviuy7qni5yyntjzc4mmrctd/app.bsky.feed.post/3mnoafk6g2u23,reply
attentionelsewhere.bsky.social,at://did:plc:dsgsenfaue5cqjk26m3mkkqc/app.bsky.feed.post/3mnvbyytwuc2a,reply
kjoonlee.net,at://did:plc:jw76puwsp5ejgrtcjbqnrojv/app.bsky.feed.post/3mod3nvcrd42z,reply
kjoonlee.net,at://did:plc:jw76puwsp5ejgrtcjbqnrojv/app.bsky.feed.post/3mod3nvcrd52z,reply
lizziecake.bsky.social,at://did:plc:uazmzngljte5e2mhcm2n52kq/app.bsky.feed.post/3modm2run422n,reply
emilymbender.bsky.social,at://did:plc:uazmzngljte5e2mhcm2n52kq/app.bsky.feed.post/3modm45wvz22n,reply
specterxiv.bsky.social,at://did:plc:xjf4xblrwhteiv64ewqd6vld/app.bsky.feed.post/3moufzl6rhs2d,reply
donthebreeze.bsky.social,at://did:plc:tzbvgtpe7tf7rjfyrk2rtp46/app.bsky.feed.post/3mour7wdwjc2v,reply
fifisch.cz,at://did:plc:2f2uybxjntu3uppbcrmcwmi7/app.bsky.feed.post/3lt3iss6cis2q,reply
brandontbishop.bsky.social,at://did:plc:txht45rhtsuctnfxeiylsi64/app.bsky.feed.post/3lwyrrqx6ks2x,reply
brandontbishop.bsky.social,at://did:plc:txht45rhtsuctnfxeiylsi64/app.bsky.feed.post/3lwyslnj7rs2x,reply
antonhur.com,at://did:plc:sjua4e65mgijcdv57qns2bjk/app.bsky.feed.post/3lxcu6nmbps24,reply
antonhur.com,at://did:plc:sjua4e65mgijcdv57qns2bjk/app.bsky.feed.post/3lxcucwjhxk24,reply
katyderbyshire.bsky.social,at://did:plc:sjua4e65mgijcdv57qns2bjk/app.bsky.feed.post/3lxcu6nmbps24,reply
antonhur.com,at://did:plc:hkatvmha2673ibzvlrqnifx2/app.bsky.feed.post/3lxef4g2c2k2i,reply
deswalsh.bsky.social,at://did:plc:vfoghb6ay4irf7xusrr5wkbp/app.bsky.feed.post/3lxkgtxc3cs23,reply
platonicluv.bsky.social,at://did:plc:pnoezg6tws74x4vfiee5yslf/app.bsky.feed.post/3mccff5o4dc2y,reply
kittykyun.bsky.social,at://did:plc:kla4dnbsog33oh4tcugwjfzk/app.bsky.feed.post/3mccfhlfpts2w,reply
yourlamentablefriends.com,at://did:plc:riq6sksgokupbjvqplzna4ou/app.bsky.feed.post/3mezpofthhs27,reply
yourlamentablefriends.com,at://did:plc:ap27r2vrhui7xz3z4okbnjrx/app.bsky.feed.post/3mezpqibtg22o,reply
coruscate.bsky.social,at://did:plc:rvydqeb4l6fk6yogfzxlmiq2/app.bsky.feed.post/3mhsmbtnp622k,reply
teunemans.bsky.social,at://did:plc:7avay5byuozksllcnrf7yice/app.bsky.feed.post/3mhsouhh2dc2w,reply
misokatsuhaumai.bsky.social,at://did:plc:p3y4ysrka2ki2xux4d3prrrx/app.bsky.feed.post/3mldlmfnoq22i,reply
misokatsuhaumai.bsky.social,at://did:plc:p3y4ysrka2ki2xux4d3prrrx/app.bsky.feed.post/3mldlrczk6s2i,reply
mshanahan.bsky.social,at://did:plc:k66bsptqqykcxs6p4i6rt56v/app.bsky.feed.post/3mlokswgfpk27,reply
mshanahan.bsky.social,at://did:plc:dciduywgeahl4hldtlw2nsw6/app.bsky.feed.post/3mlomz2egok2w,reply
eisforenkidu.bsky.social,at://did:plc:hr2gfafufvl5ugyvagij55v2/app.bsky.feed.post/3mfhtdhplls2n,reply
eisforenkidu.bsky.social,at://did:plc:hr2gfafufvl5ugyvagij55v2/app.bsky.feed.post/3mfhthkdcl22n,reply
eisforenkidu.bsky.social,at://did:plc:hr2gfafufvl5ugyvagij55v2/app.bsky.feed.post/3mfhwpdghb22n,reply
hystericmoon.bsky.social,at://did:plc:5qmuefqxfxdtrxqots33kitj/app.bsky.feed.post/3mfuxpm4wrk2t,reply
hystericmoon.bsky.social,at://did:plc:5qmuefqxfxdtrxqots33kitj/app.bsky.feed.post/3mfuy24gczs2t,reply
sara-rey.eurosky.social,at://did:plc:rh732kk2hhaoulyxg26dpnm4/app.bsky.feed.post/3mgas25iq522z,reply
sara-rey.eurosky.social,at://did:plc:rh732kk2hhaoulyxg26dpnm4/app.bsky.feed.post/3mgas25ul222z,reply
creative-xl8.bsky.social,at://did:plc:fnenil4v3hvcqbt7mwzjfzrd/app.bsky.feed.post/3mgosfumvrk2w,reply
louisonlouizic.bsky.social,at://did:plc:qcs4hqgtse2e3k4ordfq3x3m/app.bsky.feed.post/3mgotitnvhs2o,reply
andresheuberger.bsky.social,at://did:plc:qcs4hqgtse2e3k4ordfq3x3m/app.bsky.feed.post/3mgotitnvhs2o,reply
hjarmstrong.bsky.social,at://did:plc:3rht4eqsk5w3ghox7z2z7bpy/app.bsky.feed.post/3mh25wqtens2d,reply
thebookwyrmshoard2.bsky.social,at://did:plc:jacahp6xotj3deuhokfvvsnm/app.bsky.feed.post/3mhabgoj4422s,reply
jaws-stone.bsky.social,at://did:plc:skwrxxnr45jbjnx33kqzzxbi/app.bsky.feed.post/3mho5utopys2v,reply
kana-nane.bsky.social,at://did:plc:dc6klrbvn4j6nopohoipq3b3/app.bsky.feed.post/3mhob4n66ak26,reply
maicolourlife.bsky.social,at://did:plc:jacahp6xotj3deuhokfvvsnm/app.bsky.feed.post/3mhw3tirp6s2l,reply
maicolourlife.bsky.social,at://did:plc:jacahp6xotj3deuhokfvvsnm/app.bsky.feed.post/3mhw42sxd3k2l,reply
ashtreehouse.bsky.social,at://did:plc:dz2qlhpxkq7nefzexm23s3w6/app.bsky.feed.post/3miaagnyumk2a,reply
webcomicshub.co.uk,at://did:plc:mnbuzgs47p2yujbm237uphnw/app.bsky.feed.post/3micdqy6kxc2l,reply
antibunny.bsky.social,at://did:plc:dz2qlhpxkq7nefzexm23s3w6/app.bsky.feed.post/3miaagnyumk2a,reply
daktangle.bsky.social,at://did:plc:lh3oj4x77ozguyhj2f43snq7/app.bsky.feed.post/3mic2fkzjic2m,reply
raehik.bsky.social,at://did:plc:lh3oj4x77ozguyhj2f43snq7/app.bsky.feed.post/3mic2fkzjic2m,reply
amongusyaoi.bsky.social,at://did:plc:4qjzndefb57jp6it7dykswwb/app.bsky.feed.post/3mic3r6dkbc2j,reply
adamlopez.bsky.social,at://did:plc:idromknbi65idjyienya3qvn/app.bsky.feed.post/3mnridmbydk2x,reply
adamlopez.bsky.social,at://did:plc:idromknbi65idjyienya3qvn/app.bsky.feed.post/3mnriszvalc2x,reply
ninamarkl.bsky.social,at://did:plc:idromknbi65idjyienya3qvn/app.bsky.feed.post/3mnriszvalc2x,reply
ninamarkl.bsky.social,at://did:plc:idromknbi65idjyienya3qvn/app.bsky.feed.post/3mnridmbydk2x,reply
evandahm.bsky.social,at://did:plc:rsum4qmyxiymcqaoinafpf4q/app.bsky.feed.post/3modygsmpk22c,reply
trabant.bsky.social,at://did:plc:2mctncqhvflgvy2nkef7apqu/app.bsky.feed.post/3modymifr2c2w,reply
bot-tan.suibari.com,at://did:plc:y657vt456l4osrtb33xp7irr/app.bsky.feed.post/3moicb5zfds2v,reply
kikisz.bsky.social,at://did:plc:wd77vhfk6gnexr23vr4kp7hy/app.bsky.feed.post/3moxmywt52k23,reply
jajde.bsky.social,at://did:plc:wd77vhfk6gnexr23vr4kp7hy/app.bsky.feed.post/3moxn3k7sjc23,reply
visionsofsolo.bsky.social,at://did:plc:wd77vhfk6gnexr23vr4kp7hy/app.bsky.feed.post/3moxn3k7sjc23,reply
muchomistrust.bsky.social,at://did:plc:wd77vhfk6gnexr23vr4kp7hy/app.bsky.feed.post/3moxn3k7sjc23,reply
skywalker.thereforeiam.eu,at://did:plc:zzmeflm2wzrrgcaam6bw3kaf/app.bsky.feed.post/3mopxvatdta27,reply
skywalker.thereforeiam.eu,at://did:plc:unwc6v3gbttqcssxnr7o7d3z/app.bsky.feed.post/3mopz5jk4g62l,reply
asharra.bsky.social,at://did:plc:dxz7t4xoljnambxdqvg2roqh/app.bsky.feed.post/3moq2bxpask25,reply
mikekling9.bsky.social,at://did:plc:dxz7t4xoljnambxdqvg2roqh/app.bsky.feed.post/3moq2bxpask25,reply
alexhelpforstrays.eurosky.social,at://did:plc:dxz7t4xoljnambxdqvg2roqh/app.bsky.feed.post/3moq2bxpask25,reply
alexhelpforstrays.eurosky.social,at://did:plc:l46igibagf242jcanvyz5ezt/app.bsky.feed.post/3moq66nly3c2k,reply
hectogard.bsky.social,at://did:plc:dxz7t4xoljnambxdqvg2roqh/app.bsky.feed.post/3moq2bxpask25,reply
ralf-menz.bsky.social,at://did:plc:dxz7t4xoljnambxdqvg2roqh/app.bsky.feed.post/3moq2bxpask25,reply
gamutlute.bsky.social,at://did:plc:piws2xx6tvt7vjb3fvwkzb5m/app.bsky.feed.post/3moq3rpldok26,reply
watahotori.bsky.social,at://did:plc:sq4s4hrmwvfzt7e52tsucxrq/app.bsky.feed.post/3moq3xhp5rc2f,reply
jdgoulet.eurosky.social,at://did:plc:fuiwsipgbrjyhgxm44qtxdl3/app.bsky.feed.post/3mos54pwygc2s,reply
jdgoulet.eurosky.social,at://did:plc:fuiwsipgbrjyhgxm44qtxdl3/app.bsky.feed.post/3mos5vjbz6s2x,reply
zenilant.bsky.social,at://did:plc:y3dx6wyhcw6w2p6f6xkq2mgz/app.bsky.feed.post/3most6kxiw22w,reply
pertsuliinix.bsky.social,at://did:plc:efzu6krm5ohrbbe3ndn5phls/app.bsky.feed.post/3mosvlz66hk25,reply
tina-togolino123.bsky.social,at://did:plc:ijispkmryk5fl73ucqrkde43/app.bsky.feed.post/3mot2mq7lys24,reply
zackfeddich.bsky.social,at://did:plc:75sqmb4jdijq4y725x4vud2x/app.bsky.feed.post/3mot3u3a7e22z,reply
ohaasa.thekipa.com,at://did:plc:nbetxjebrtbi4umjoa2ayse6/app.bsky.feed.post/3mot63r24ve22,reply
ohaasa.thekipa.com,at://did:plc:nbetxjebrtbi4umjoa2ayse6/app.bsky.feed.post/3mot63sgpnh2y,reply
degusong.bsky.social,at://did:plc:glpkcaytgbl2g7comcxtz3ms/app.bsky.feed.post/3motjamqwss2o,reply
mikoluca.bsky.social,at://did:plc:l22hylqbcyf7j5loo2khgacw/app.bsky.feed.post/3mou4kcei622f,reply
kat8655.eurosky.social,at://did:plc:nzys65xa2jvttaedbezfqhz5/app.bsky.feed.post/3moue43ybhd2y,reply
kat8655.eurosky.social,at://did:plc:nzys65xa2jvttaedbezfqhz5/app.bsky.feed.post/3moue67ugal2y,reply
eviconstantine.bsky.social,at://did:plc:t4nxpmxaka4yvgah4pkkkggy/app.bsky.feed.post/3mov72xetuc23,reply
pingoru.bsky.social,at://did:plc:3qx3wgjvwbhbr2uvbv5qnot4/app.bsky.feed.post/3mov7trmn3s22,reply
ohaasa.thekipa.com,at://did:plc:nbetxjebrtbi4umjoa2ayse6/app.bsky.feed.post/3movpgvop3r27,reply
ohaasa.thekipa.com,at://did:plc:nbetxjebrtbi4umjoa2ayse6/app.bsky.feed.post/3movpgvv4hg2m,reply
llamavrc.bsky.social,at://did:plc:izathxfypw5uqmlh3pywjj7b/app.bsky.feed.post/3mowohyk4v22q,reply
lustmacher1976.bsky.social,at://did:plc:wqz5vzhhnl3egnsognh46gna/app.bsky.feed.post/3mowx2bck5s2t,reply
judiditohsowell.bsky.social,at://did:plc:wqz5vzhhnl3egnsognh46gna/app.bsky.feed.post/3mowx2bck5s2t,reply
v3ldt.bsky.social,at://did:plc:u75m626seejet3zy76fq7kiw/app.bsky.feed.post/3moxbfzx4k22l,reply
linnaealyn.bsky.social,at://did:plc:4qaxzfqrfs3c5zzw6erkhtfv/app.bsky.feed.post/3moxdhpei422w,reply
danirbu.riolu.social,at://did:plc:gguoft4ehcgfzdc7yezniebo/app.bsky.feed.post/3moxefg6zjc26,reply
generalsnivy.bsky.social,at://did:plc:k7vtr4wbaiduax7k363gertm/app.bsky.feed.post/3moxehjpyv22c,reply
rioni.es,at://did:plc:k7vtr4wbaiduax7k363gertm/app.bsky.feed.post/3moxehjpyv22c,reply
izumillion.bsky.social,at://did:plc:u6tyymmx45t57tc7zzred7vb/app.bsky.feed.post/3mjdr4vmd3c2p,reply
bbawhoosh.bsky.social,at://did:plc:oyb7chqe2ed7dekjbrcdsjol/app.bsky.feed.post/3mjdrczt2ys27,reply
sam.infoenon.com,at://did:plc:lfvdvfpjq4jptrbsaznvep4v/app.bsky.feed.post/3mjnah4ag722g,reply
echowrites.bsky.social,at://did:plc:tchvwsx3ez3c3lkm32pfksrs/app.bsky.feed.post/3mjnb5z6t7k2n,reply
italiandragon.bsky.social,at://did:plc:lfvdvfpjq4jptrbsaznvep4v/app.bsky.feed.post/3mjnah4ag722g,reply
italiandragon.bsky.social,at://did:plc:lfvdvfpjq4jptrbsaznvep4v/app.bsky.feed.post/3mjnajr7spc2g,reply
tamslator.eurosky.social,at://did:plc:eoisdh7vuhqksq47skqqaeds/app.bsky.feed.post/3mjogxahwvc2c,reply
tamslator.eurosky.social,at://did:plc:eoisdh7vuhqksq47skqqaeds/app.bsky.feed.post/3mjogxahwvd2c,reply
alves.bsky.social,at://did:plc:b3ihsjgucnrx6r7aus4zutbz/app.bsky.feed.post/3mjubty7l522g,reply
lamha.bsky.social,at://did:plc:b3ihsjgucnrx6r7aus4zutbz/app.bsky.feed.post/3mjubvo3wt22g,reply
alves.bsky.social,at://did:plc:b3ihsjgucnrx6r7aus4zutbz/app.bsky.feed.post/3mjubvo3wt22g,reply
asie.pl,at://did:plc:pimfwcxo6wysvak25ub3asg3/app.bsky.feed.post/3mkdsi5bclc2h,reply
asie.pl,at://did:plc:pimfwcxo6wysvak25ub3asg3/app.bsky.feed.post/3mkdusgeixs2c,reply
puppy.moe.observer,at://did:plc:yezjmch53wfkkmm7i3hiccua/app.bsky.feed.post/3mkeybqrns22g,reply
kenjihayakawa.com,at://did:plc:ra6kwf2wmnbq33yfvh4rmivj/app.bsky.feed.post/3mla2a7iy3s2x,reply
kenjihayakawa.com,at://did:plc:ra6kwf2wmnbq33yfvh4rmivj/app.bsky.feed.post/3mla2a7j7vs2x,reply
mamarrhatsu.bsky.social,at://did:plc:jfpomzpsrqunviscue356grn/app.bsky.feed.post/3mlmamfdkbc2d,reply
ossodeborboleta.bsky.social,at://did:plc:hn7kh6ksxnw5j4eegnyhv2i5/app.bsky.feed.post/3mlqg3pfc3s2g,reply
erongm.bsky.social,at://did:plc:hn7kh6ksxnw5j4eegnyhv2i5/app.bsky.feed.post/3mlqvynb3lk24,reply
euperdendotempo.bsky.social,at://did:plc:hn7kh6ksxnw5j4eegnyhv2i5/app.bsky.feed.post/3mlqvynb3lk24,reply
ossodeborboleta.bsky.social,at://did:plc:fw3i4yvhtvsrnoep6jq7n5uq/app.bsky.feed.post/3mlqwxetfd22l,reply
vjeky.eurosky.social,at://did:plc:sgxf6i4suj7kfoggyfjousjw/app.bsky.feed.post/3mm4jayfvfk2c,reply
vazduho.bsky.social,at://did:plc:6nhetqwzhszv3f56xcpyiknc/app.bsky.feed.post/3mm4jvhcolk2e,reply
absurde-gr.bsky.social,at://did:plc:hzbmsvrfjjqrkno6s6x3l7u7/app.bsky.feed.post/3mm7jfcdnjs27,reply
marialux.bsky.social,at://did:plc:a7cbjzaywjol6syvjuwsdvdb/app.bsky.feed.post/3mmp7kiybgk2w,reply
zoraidazaro.bsky.social,at://did:plc:tlpkyt5ntzcynplrjjc4jqdl/app.bsky.feed.post/3mmvj32ldhk2g,reply
andreapeal.bsky.social,at://did:plc:jfpomzpsrqunviscue356grn/app.bsky.feed.post/3mn2plh6vt22t,reply
andreapeal.bsky.social,at://did:plc:ac7okngzdf45g5gaebkoprds/app.bsky.feed.post/3mn2qiuoewc2f,reply
soletchemendy.bsky.social,at://did:plc:7dbhjb4lrjs62okc7psfmmee/app.bsky.feed.post/3mnpf7x7zh22j,reply
delcontexto.bsky.social,at://did:plc:6nhgfync2gfhbwdmxr5uq7qb/app.bsky.feed.post/3mnpgexa4fc2s,reply
kaffeehaus.bsky.social,at://did:plc:egzqjsaownsf3r2zv3l3ni5y/app.bsky.feed.post/3mnpmz35bok23,reply
tamslator.eurosky.social,at://did:plc:eoisdh7vuhqksq47skqqaeds/app.bsky.feed.post/3mnrlj5awps2s,reply
starseeker-omachi.bsky.social,at://did:plc:74nm4q3dst5xihzdwpq5p5jg/app.bsky.feed.post/3mo42myxqd22a,reply
duducabral.bsky.social,at://did:plc:oyby4wrlzbediv2ew4uo2law/app.bsky.feed.post/3mo7tfms3v22x,reply
notyourtypo.bsky.social,at://did:plc:mizuryltvypsdav4vibjmbkf/app.bsky.feed.post/3mo7tt6eq6227,reply
tamslator.eurosky.social,at://did:plc:eoisdh7vuhqksq47skqqaeds/app.bsky.feed.post/3mof5kzqale24,reply
michelpimpant.eurosky.social,at://did:plc:eoisdh7vuhqksq47skqqaeds/app.bsky.feed.post/3mof5kzqalf24,reply
greywaren24.bsky.social,at://did:plc:5b6p64qjiue2uty22jd3ocpn/app.bsky.feed.post/3mofix3fz222a,reply
greywaren24.bsky.social,at://did:plc:5b6p64qjiue2uty22jd3ocpn/app.bsky.feed.post/3mofiyroghs2a,reply
brunodoamaral.bsky.social,at://did:plc:bm2ukbhk7fqlh6kujwsqvrky/app.bsky.feed.post/3moghqjgnxc2v,reply
grammy1947.bsky.social,at://did:plc:qbyqfxc3cfg7uvlz2zci4rct/app.bsky.feed.post/3moisq7432c2r,reply
patboivin.bsky.social,at://did:plc:k5owzp2dlmnfa3ovsuoyrnaf/app.bsky.feed.post/3moiupb3yqc2r,reply
aude-leme.piaille.fr.ap.brid.gy,at://did:plc:bei27zdgfoywryuvxms4subg/app.bsky.feed.post/3molaczbpwxg2,reply
audeleme.bsky.social,at://did:plc:xi2bm46kpzfdmw5g4ykwabec/app.bsky.feed.post/3molaejz3vs2r,reply
audeleme.bsky.social,at://did:plc:xi2bm46kpzfdmw5g4ykwabec/app.bsky.feed.post/3molaejzbrc2r,reply
nuwa.ie,at://did:plc:g2corrvw4vofxexk5broneq7/app.bsky.feed.post/3m3euj4esnt22,reply
linguistawais.bsky.social,at://did:plc:lyczqlf2z2zuuvjvxakqaip3/app.bsky.feed.post/3m6g7lg34pk2a,reply
rookielinguist.bsky.social,at://did:plc:5vnomi5uukdt6cmgjvrok3vi/app.bsky.feed.post/3ma6rolcjg22b,reply
seanmatthews1.bsky.social,at://did:plc:rvmmrhqaw66qwh5b4fb3j3kj/app.bsky.feed.post/3mcdoogz3zs2d,reply
slackbastard.bsky.social,at://did:plc:o2ggsnr4ihu4pjka6zd7rv27/app.bsky.feed.post/3mdmbqrrwxc2u,reply
eamt2026.bsky.social,at://did:plc:54rvmqlghae6nrit7oy4coek/app.bsky.feed.post/3mhzt2dmg2c2d,reply
eamt2026.bsky.social,at://did:plc:54rvmqlghae6nrit7oy4coek/app.bsky.feed.post/3mhzt2ep4fk2d,reply
fbk-mt.bsky.social,at://did:plc:rf263bnujvis4j3mpsi7mxxc/app.bsky.feed.post/3mnudpj5cik27,reply
leidentranslat1.bsky.social,at://did:plc:7kfdtxqc6insvngjzjyuhlee/app.bsky.feed.post/3mo3ifhhx3s2y,reply
leidentranslat1.bsky.social,at://did:plc:7kfdtxqc6insvngjzjyuhlee/app.bsky.feed.post/3mo3j4qt2h22y,reply
relma2.bsky.social,at://did:plc:lbwon4b2rgvtdqbaehilyvm7/app.bsky.feed.post/3mobpivgjts2s,reply
chriswolfvision.bsky.social,at://did:plc:ghwikxokwu7h7punwyvsqxxc/app.bsky.feed.post/3mowyugwhw22y,reply
chriswolfvision.bsky.social,at://did:plc:ghwikxokwu7h7punwyvsqxxc/app.bsky.feed.post/3mowyuwznbc2y,reply
mondhaven.bsky.social,at://did:plc:mnux4znxshntluwxzxtkchfz/app.bsky.feed.post/3mox2uzjla22f,reply
xan.lol,at://did:plc:q7suwaz53ztc4mbiqyygbn43/app.bsky.feed.post/3mox3r7bmrs2y,reply
paddinglabs.com,at://did:plc:q7suwaz53ztc4mbiqyygbn43/app.bsky.feed.post/3mox3r7bmrs2y,reply
jeremiahchronister.bsky.social,at://did:plc:lfksi4uppnr4m57t3aumnaei/app.bsky.feed.post/3mox5ftfuk22q,reply
thequerypost.bsky.social,at://did:plc:mf4sf5yo6hmgl2ysgc3igzir/app.bsky.feed.post/3moxpieiwal2w,reply
worthintendo.bsky.social,at://did:plc:pyrq4sozjskbnmjiz4wpupkz/app.bsky.feed.post/3moxhpipqq22a,reply
radelgirl.vanadiel.network,at://did:plc:ukojgzmkdn2wbk4yq2a3cyv4/app.bsky.feed.post/3moxkx765qh2t,reply
radelgirl.vanadiel.network,at://did:plc:ukojgzmkdn2wbk4yq2a3cyv4/app.bsky.feed.post/3moxkyq4whh2t,reply
carlyjayjepsen.bsky.social,at://did:plc:6wyfvzmcipkiu5gugzxwl4lp/app.bsky.feed.post/3moxlikpdmk2g,reply
babygoldie.bsky.social,at://did:plc:xhrtfphu4gzqrztkpb3a63qf/app.bsky.feed.post/3moxrq745d32u,reply
babygoldie.bsky.social,at://did:plc:xhrtfphu4gzqrztkpb3a63qf/app.bsky.feed.post/3moxrq7qgqd2u,reply
babygoldie.bsky.social,at://did:plc:xhrtfphu4gzqrztkpb3a63qf/app.bsky.feed.post/3moxsarhbqn2d,reply
babygoldie.bsky.social,at://did:plc:xhrtfphu4gzqrztkpb3a63qf/app.bsky.feed.post/3moxsas3oix22,reply
babygoldie.bsky.social,at://did:plc:xhrtfphu4gzqrztkpb3a63qf/app.bsky.feed.post/3moxscyanzp2p,reply
babygoldie.bsky.social,at://did:plc:xhrtfphu4gzqrztkpb3a63qf/app.bsky.feed.post/3moxscyvmvr2u,reply
babygoldie.bsky.social,at://did:plc:xhrtfphu4gzqrztkpb3a63qf/app.bsky.feed.post/3moxsd3kwm424,reply
babygoldie.bsky.social,at://did:plc:xhrtfphu4gzqrztkpb3a63qf/app.bsky.feed.post/3moxsd47q4i2o,reply
squidcat.bsky.social,at://did:plc:dvnecuayuropd2kwpkj47ymo/app.bsky.feed.post/3moxxixce7k2t,reply
orbalstaff.bsky.social,at://did:plc:x2miejryy6ws7oods7xcjrpe/app.bsky.feed.post/3moxxwbnfec2k,reply
reansuperfan.bsky.social,at://did:plc:dvnecuayuropd2kwpkj47ymo/app.bsky.feed.post/3moxxixce7k2t,reply
orbalstaff.bsky.social,at://did:plc:ao7ujip7gbvjbpwv5jtzvgql/app.bsky.feed.post/3moxy6nmdsc2i,reply
bollabai.bsky.social,at://did:plc:udfujmfgoia3lhgvtfrnmcep/app.bsky.feed.post/3mmgyjlh7442s,reply
bollabai.bsky.social,at://did:plc:udfujmfgoia3lhgvtfrnmcep/app.bsky.feed.post/3mmjixxagjj24,reply
bollabai.bsky.social,at://did:plc:udfujmfgoia3lhgvtfrnmcep/app.bsky.feed.post/3mmlzhiosvj2x,reply
xndxn.bsky.social,at://did:plc:y3mq7tzfdmdxes3i46zrxnbj/app.bsky.feed.post/3mmqoh3yxyz2c,reply
xndxn.bsky.social,at://did:plc:y3mq7tzfdmdxes3i46zrxnbj/app.bsky.feed.post/3mmqohihlsv2g,reply
bot-tan.suibari.com,at://did:plc:jnjkijj2zxh6lnpqc5kr27u5/app.bsky.feed.post/3mmuixuhpwt22,reply
marcusreed00.bsky.social,at://did:plc:udfujmfgoia3lhgvtfrnmcep/app.bsky.feed.post/3mmw3bxltim2s,reply
doriantaylor.com,at://did:plc:msql53vod62uis3pkzw7jdjo/app.bsky.feed.post/3mnapzkk4ac2b,reply
manuel-herrick.bsky.social,at://did:plc:ulsvrqhqegjw5gh7lxyav4yq/app.bsky.feed.post/3mnbcb2x74c2r,reply
marcusreed00.bsky.social,at://did:plc:udfujmfgoia3lhgvtfrnmcep/app.bsky.feed.post/3mnrqfrhamx2n,reply
bot-tan.suibari.com,at://did:plc:jnjkijj2zxh6lnpqc5kr27u5/app.bsky.feed.post/3mntr5rfpzv2q,reply
bollabai.bsky.social,at://did:plc:udfujmfgoia3lhgvtfrnmcep/app.bsky.feed.post/3mnuaunzb2l2x,reply
marcusreed00.bsky.social,at://did:plc:udfujmfgoia3lhgvtfrnmcep/app.bsky.feed.post/3mo3sbg5vck2v,reply
jesusprieto.bsky.social,at://did:plc:xzgidsbfxreu4rlef7k2ojo4/app.bsky.feed.post/3mo4a72vd4s2m,reply
insideloc.bsky.social,at://did:plc:rqz4xhrq464agu3mwewcthrh/app.bsky.feed.post/3mo5o4oq22k26,reply
bot-tan.suibari.com,at://did:plc:jnjkijj2zxh6lnpqc5kr27u5/app.bsky.feed.post/3mo5ekd6quc2z,reply
bollabai.bsky.social,at://did:plc:udfujmfgoia3lhgvtfrnmcep/app.bsky.feed.post/3moat7bobmw25,reply
bot-tan.suibari.com,at://did:plc:jnjkijj2zxh6lnpqc5kr27u5/app.bsky.feed.post/3moebte5u3i2p,reply
marcusreed00.bsky.social,at://did:plc:udfujmfgoia3lhgvtfrnmcep/app.bsky.feed.post/3mofu5ewip522,reply
bot-tan.suibari.com,at://did:plc:jnjkijj2zxh6lnpqc5kr27u5/app.bsky.feed.post/3mokv2jijgl2r,reply
devilishgames.bsky.social,at://did:plc:xzgidsbfxreu4rlef7k2ojo4/app.bsky.feed.post/3mont6xz6xs2y,reply
davidferriz.bsky.social,at://did:plc:xzgidsbfxreu4rlef7k2ojo4/app.bsky.feed.post/3mont6xz6xs2y,reply
insideloc.bsky.social,at://did:plc:v52pmu5eemu7eqptcomkhtkh/app.bsky.feed.post/3monxtwgqe22w,reply
edebell.com,at://did:plc:j34rqwhi67qlvpcl5cjyaa7v/app.bsky.feed.post/3m5d4zi2dhs24,reply
radkat.fitzpat.com,at://did:plc:okk3ekuuskpbsdvwyranrrlq/app.bsky.feed.post/3mgniycf3kc2z,reply
moskov.goodventures.org,at://did:plc:eazpcat6l4z7fcvewe2jeego/app.bsky.feed.post/3mjwqfes6d22v,reply
moskov.goodventures.org,at://did:plc:z7oad4td5k4tfb4dttzjym7r/app.bsky.feed.post/3mjx2tknxsk2v,reply
pauseai.bsky.social,at://did:plc:poltokxz5ydxqrg6tj2lll3o/app.bsky.feed.post/3mkalm7e2xy2m,reply
alltheyud-mir-rt.selfhosted.social,at://did:plc:rrpwt7cdfag6q5bxwiy6guhk/app.bsky.feed.post/3mkbgdvuv4j2b,reply
aisafetymem-mir-rt.selfhosted.social,at://did:plc:fwz7sdm7cr4vtbu2qgzogzr6/app.bsky.feed.post/3mkaviwag4b2b,reply
artificialbodies.net,at://did:plc:6ljix2gyn5vvbkiwtkezsij5/app.bsky.feed.post/3mkepnspaps2g,reply
runefar.bsky.social,at://did:plc:wwoynpmtuwhhfus356bnkz7w/app.bsky.feed.post/3mkhjgc5y2s2g,reply
runefar.bsky.social,at://did:plc:6ljix2gyn5vvbkiwtkezsij5/app.bsky.feed.post/3mkgj5zp6u22i,reply
runefar.bsky.social,at://did:plc:6ljix2gyn5vvbkiwtkezsij5/app.bsky.feed.post/3mkgja6vuxs2i,reply
artificialbodies.net,at://did:plc:wwoynpmtuwhhfus356bnkz7w/app.bsky.feed.post/3mkhirzkbh22g,reply
artificialbodies.net,at://did:plc:wwoynpmtuwhhfus356bnkz7w/app.bsky.feed.post/3mkhiykcb7k2g,reply
runefar.bsky.social,at://did:plc:wwoynpmtuwhhfus356bnkz7w/app.bsky.feed.post/3mkhirzkbh22g,reply
runefar.bsky.social,at://did:plc:6ljix2gyn5vvbkiwtkezsij5/app.bsky.feed.post/3mkhkllyaps2p,reply
runefar.bsky.social,at://did:plc:6ljix2gyn5vvbkiwtkezsij5/app.bsky.feed.post/3mkhmcau3ik2p,reply
pauseai.bsky.social,at://did:plc:poltokxz5ydxqrg6tj2lll3o/app.bsky.feed.post/3mkphabnjrg2s,reply
pauseai.bsky.social,at://did:plc:poltokxz5ydxqrg6tj2lll3o/app.bsky.feed.post/3mks6ra6hmu2w,reply
pauseai.bsky.social,at://did:plc:poltokxz5ydxqrg6tj2lll3o/app.bsky.feed.post/3ml3rmfsvdj2m,reply
bleekerk.eurosky.social,at://did:plc:6rqbbd5cnw34yytj7t4vgf4m/app.bsky.feed.post/3mlderjlesk26,reply
pauseai.bsky.social,at://did:plc:poltokxz5ydxqrg6tj2lll3o/app.bsky.feed.post/3mldrzsmypn2d,reply
aisafetymem-mir-rt.selfhosted.social,at://did:plc:7rv27zwxvyjpiyvuyqpmxbuj/app.bsky.feed.post/3mllnhroztv2l,reply
aisafetymemes-mirr.selfhosted.social,at://did:plc:fwz7sdm7cr4vtbu2qgzogzr6/app.bsky.feed.post/3mlo5vfmzdu2l,reply
aisafetymem-mir-rt.selfhosted.social,at://did:plc:7rv27zwxvyjpiyvuyqpmxbuj/app.bsky.feed.post/3mllnhroztv2l,reply
aisafetymemes-mirr.selfhosted.social,at://did:plc:fwz7sdm7cr4vtbu2qgzogzr6/app.bsky.feed.post/3mllu4oar6d2y,reply
pauseai.bsky.social,at://did:plc:poltokxz5ydxqrg6tj2lll3o/app.bsky.feed.post/3mlvfgevakb2e,reply
pauseai.bsky.social,at://did:plc:poltokxz5ydxqrg6tj2lll3o/app.bsky.feed.post/3mmbjb7scwi2n,reply
moskov.goodventures.org,at://did:plc:bwoltx6dum2eo45gwuvuiawr/app.bsky.feed.post/3mmjz3j4s7s2i,reply
pickettjessica.bsky.social,at://did:plc:z7oad4td5k4tfb4dttzjym7r/app.bsky.feed.post/3mmjzjv72jk23,reply
isolyth.dev,at://did:plc:allu5vs3gnm2wm7jzf4rad3r/app.bsky.feed.post/3mnl5asqchc25,reply
teletnik.bsky.social,at://did:plc:wtliodsq36yambl6hlt7r6iy/app.bsky.feed.post/3mnuro7skt22p,reply
mrcheeze.github.io,at://did:plc:oqoksnyukzbase3uttllntwk/app.bsky.feed.post/3mo54wcg4722p,reply
jademalo.bsky.social,at://did:plc:oqoksnyukzbase3uttllntwk/app.bsky.feed.post/3mo5a6evvy22w,reply
mrcheeze.github.io,at://did:plc:oqoksnyukzbase3uttllntwk/app.bsky.feed.post/3mo5a6evvy22w,reply
pauseai.bsky.social,at://did:plc:poltokxz5ydxqrg6tj2lll3o/app.bsky.feed.post/3moukopgrfq2l,reply
abahc-bot.bsky.social,at://did:plc:txklc5txocrl2o2f3hro5opp/app.bsky.feed.post/3moxdvfovxq2v,reply
abahc-bot.bsky.social,at://did:plc:txklc5txocrl2o2f3hro5opp/app.bsky.feed.post/3moxdvfrovy2q,reply
squeevey.bsky.social,at://did:plc:a5ypjflwucffbz2gxcwplpor/app.bsky.feed.post/3moxekvdai22l,reply
jeremedia0214.bsky.social,at://did:plc:uuo6uuvcqpcpptfvvmhzg3rd/app.bsky.feed.post/3moxkxq53jk2h,reply
murpia57.bsky.social,at://did:plc:uuo6uuvcqpcpptfvvmhzg3rd/app.bsky.feed.post/3moxkydjvqc2h,reply
luluthelucario.bsky.social,at://did:plc:a2sezwim2cdmclzzfpyfvecl/app.bsky.feed.post/3moxrpeutus2x,reply
moradorulorukalai.bsky.social,at://did:plc:a2sezwim2cdmclzzfpyfvecl/app.bsky.feed.post/3moxrpeutus2x,reply
werewolfvincent.bsky.social,at://did:plc:a2sezwim2cdmclzzfpyfvecl/app.bsky.feed.post/3moxrpeutus2x,reply
pymous.bsky.social,at://did:plc:g6624oc2eyjiaujyclz6gobs/app.bsky.feed.post/3moxrxdmfic2y,reply
candiphoenixesa.bsky.social,at://did:plc:45qqx3dewsi77nad7gy5wriz/app.bsky.feed.post/3moxu4p2khs2f,reply
leakywheal.bsky.social,at://did:plc:2m3ux7o3tpozapxfnnva4iv6/app.bsky.feed.post/3mbm2fueqgs22,reply
lozwood.bsky.social,at://did:plc:2m3ux7o3tpozapxfnnva4iv6/app.bsky.feed.post/3mbm2fueqgs22,reply
pbackwriter.bsky.social,at://did:plc:2m3ux7o3tpozapxfnnva4iv6/app.bsky.feed.post/3mbm2fueqgs22,reply
richardbedwell.bsky.social,at://did:plc:2m3ux7o3tpozapxfnnva4iv6/app.bsky.feed.post/3mbm2fueqgs22,reply
robertspictures.bsky.social,at://did:plc:2m3ux7o3tpozapxfnnva4iv6/app.bsky.feed.post/3mbm2fueqgs22,reply
gigibones.bsky.social,at://did:plc:2m3ux7o3tpozapxfnnva4iv6/app.bsky.feed.post/3mbm2fueqgs22,reply
revtradumatica.bsky.social,at://did:plc:imy5xkjhiqt45qyrkvzbkiuv/app.bsky.feed.post/3mbyjgicmrc2d,reply
revtradumatica.bsky.social,at://did:plc:imy5xkjhiqt45qyrkvzbkiuv/app.bsky.feed.post/3mbyjgicqoc2d,reply
brivaiglesias.bsky.social,at://did:plc:bahbzkkvrjire246ozn7ztlm/app.bsky.feed.post/3mca37t5tps2g,reply
cryptidrizzler.bsky.social,at://did:plc:xxdl5jr2s5xwhk5jgse635ip/app.bsky.feed.post/3mcon5de3z22d,reply
cryptidrizzler.bsky.social,at://did:plc:xxdl5jr2s5xwhk5jgse635ip/app.bsky.feed.post/3mcpmhqezws2q,reply
nikofoxx.bsky.social,at://did:plc:xxdl5jr2s5xwhk5jgse635ip/app.bsky.feed.post/3mcpmhqezws2q,reply
guidogameloc.bsky.social,at://did:plc:jj4rhwfxq452cow7ofouwyi5/app.bsky.feed.post/3mctvgtlgtk2j,reply
mistygaltees.bsky.social,at://did:plc:irazigglchtesbsvk76jsr65/app.bsky.feed.post/3mcuamydv422g,reply
tamslator.eurosky.social,at://did:plc:eoisdh7vuhqksq47skqqaeds/app.bsky.feed.post/3me7rigm7xk2q,reply
tamslator.eurosky.social,at://did:plc:eoisdh7vuhqksq47skqqaeds/app.bsky.feed.post/3me7rigmbw22q,reply
inkskratch.com,at://did:plc:nwvzwefanstmamz7gtdbus56/app.bsky.feed.post/3mec7ubqack2l,reply
corrodingmind.bsky.social,at://did:plc:ufhdexjl3lvdq7sjtqfwq6dv/app.bsky.feed.post/3memuxu74ac2v,reply
wystaria.bsky.social,at://did:plc:2irfawhue6ac6f435bd4ladn/app.bsky.feed.post/3mfa4dxvdik2j,reply
wardeneater.bsky.social,at://did:plc:s3jn3e2ez5p254lluqxmmaew/app.bsky.feed.post/3mfbbgys4m22g,reply
wynnowing.bsky.social,at://did:plc:2irfawhue6ac6f435bd4ladn/app.bsky.feed.post/3mfa4dxvdik2j,reply
wardeneater.bsky.social,at://did:plc:qibycvg52vwn6n5avlneumwk/app.bsky.feed.post/3mfa4wczuvc2i,reply
wardeneater.bsky.social,at://did:plc:2irfawhue6ac6f435bd4ladn/app.bsky.feed.post/3mfa4dxvdik2j,reply
wardeneater.bsky.social,at://did:plc:2irfawhue6ac6f435bd4ladn/app.bsky.feed.post/3mfa4fxhq3c2j,reply
almondfrappes.bsky.social,at://did:plc:kqlvkf37io3gr6tagstppz4l/app.bsky.feed.post/3mfafqglnos27,reply
robotnikholmes.bsky.social,at://did:plc:nzdtnyq2ikdse77vf2hmqd6s/app.bsky.feed.post/3mfbs37uez22b,reply
auradreams.bsky.social,at://did:plc:kqlvkf37io3gr6tagstppz4l/app.bsky.feed.post/3mfafqglnos27,reply
robotnikholmes.bsky.social,at://did:plc:kandow3n2eytpideqvxxoxhc/app.bsky.feed.post/3mfc7bgbj622r,reply
lilscaryandcute.bsky.social,at://did:plc:xm5gbpydtr4jyxnzcy77bfz6/app.bsky.feed.post/3mfbhejeims2w,reply
robotnikholmes.bsky.social,at://did:plc:xm5gbpydtr4jyxnzcy77bfz6/app.bsky.feed.post/3mfbhejeims2w,reply
cherr.im,at://did:plc:i2u4digupt2g4ajlzlpipdsm/app.bsky.feed.post/3mfuyouydq22n,reply
waringwil.bsky.social,at://did:plc:g7ixaf7mw5wq35bodyu7vw62/app.bsky.feed.post/3mfx7ri5qbk2f,reply
socoop.bsky.social,at://did:plc:meufqjegxw633lhgftsgnafz/app.bsky.feed.post/3mggxakzwjc26,reply
loekalization.bsky.social,at://did:plc:7soujtbrvjfe4zbdc6yujra4/app.bsky.feed.post/3mh6m5stsjd2m,reply
loekalization.bsky.social,at://did:plc:7soujtbrvjfe4zbdc6yujra4/app.bsky.feed.post/3mh6m5tmg7n2v,reply
iiotenki.bsky.social,at://did:plc:74nm4q3dst5xihzdwpq5p5jg/app.bsky.feed.post/3mhtxpk2tec23,reply
fraying.bsky.social,at://did:plc:p4axlxj4otn2z5aa2h2rxl7b/app.bsky.feed.post/3micupsgrjs2b,reply
fraying.bsky.social,at://did:plc:p4axlxj4otn2z5aa2h2rxl7b/app.bsky.feed.post/3micutqairk2b,reply
kevinr.free-dissociation.com,at://did:plc:p4axlxj4otn2z5aa2h2rxl7b/app.bsky.feed.post/3micutqairk2b,reply
aldebaran26.bsky.social,at://did:plc:dgvrvlun2jghvxpzhzy4rv4o/app.bsky.feed.post/3mkdmqxsvlc2w,reply
bot-tan.suibari.com,at://did:plc:jnjkijj2zxh6lnpqc5kr27u5/app.bsky.feed.post/3ml7p6jqhx22y,reply
carlbetheav.bsky.social,at://did:plc:mvylplqzgttfjy6vu644a7rm/app.bsky.feed.post/3mlnsugww5s2g,reply
triflingtree.bsky.social,at://did:plc:jx4bs3n2nh5av2u6szyivie3/app.bsky.feed.post/3mlnvwgwsvk2t,reply
bemusedbehemoth.bsky.social,at://did:plc:z34nqmwincdqw6zsujo5ks4b/app.bsky.feed.post/3mm2fxrujcc2q,reply
baal.tigerlabs.co.uk,at://did:plc:z34nqmwincdqw6zsujo5ks4b/app.bsky.feed.post/3mm2fyuc2d22q,reply
sirfox.bsky.social,at://did:plc:z34nqmwincdqw6zsujo5ks4b/app.bsky.feed.post/3mm2fyuc2d22q,reply
quilowisp.bsky.social,at://did:plc:z34nqmwincdqw6zsujo5ks4b/app.bsky.feed.post/3mm2fyuc2d22q,reply
ionotter.bsky.social,at://did:plc:z34nqmwincdqw6zsujo5ks4b/app.bsky.feed.post/3mm2fxrujcc2q,reply
bemusedbehemoth.bsky.social,at://did:plc:hvhtsk6icdcdmrwjuulvtwcl/app.bsky.feed.post/3mm2hibuehk2x,reply
ceets.at.app.wafrn.net,at://did:plc:wykdky55466drjkp27redlct/app.bsky.feed.post/3mn6etjfxfd2j,reply
ceets.at.app.wafrn.net,at://did:plc:wykdky55466drjkp27redlct/app.bsky.feed.post/3mn6evjgj432j,reply
ceets.at.app.wafrn.net,at://did:plc:wykdky55466drjkp27redlct/app.bsky.feed.post/3mn6evjgj432j,reply
hc-nsfw.bsky.social,at://did:plc:vigxa24owwfxyoe5nnweh7i4/app.bsky.feed.post/3mnbawvuryc2v,reply
drakon.bsky.social,at://did:plc:lb5ttkwqpi5mfbda4e2pkrwl/app.bsky.feed.post/3mnbbstvw6c25,reply
amara-pcf.bsky.social,at://did:plc:6fvzgpjmprrxdsw3ighrlnav/app.bsky.feed.post/3mnfmlwtwhk2o,reply
marcuspentzek.bsky.social,at://did:plc:2luq2bxh7bvltay5ffn3zmwz/app.bsky.feed.post/3mnu22kspxc2g,reply
shuberfuber.bsky.social,at://did:plc:aue4fu5cdnnevzbubu6kiby3/app.bsky.feed.post/3lwxqwscr4s2q,reply
imouto.tsukihime.net,at://did:plc:ndpfhzyd5k654p2cwjgy62li/app.bsky.feed.post/3lzhl4dlixk2e,reply
ysd594.bsky.social,at://did:plc:ndpfhzyd5k654p2cwjgy62li/app.bsky.feed.post/3lzhlb3czw22e,reply
evamc.bsky.social,at://did:plc:qh457ep2i6pe5mu3u6qhzzcl/app.bsky.feed.post/3lvx6d2b5yk2o,reply
nerdmor.com.br,at://did:plc:hsxw5pjiezqvl7y5i2paro7t/app.bsky.feed.post/3lwk2dxklec2j,reply
ejwillingham.bsky.social,at://did:plc:j2jyr46odycfxgcyr2seffus/app.bsky.feed.post/3lwkeg667ps2i,reply
nerdmor.com.br,at://did:plc:hsxw5pjiezqvl7y5i2paro7t/app.bsky.feed.post/3lwk2dxklec2j,reply
aliyabhatia.bsky.social,at://did:plc:najiuaunp25xr2ol7fzlcgvm/app.bsky.feed.post/3lwz5djcvdk2u,reply
aliyabhatia.bsky.social,at://did:plc:najiuaunp25xr2ol7fzlcgvm/app.bsky.feed.post/3lwz5kw5ixk2h,reply
funakounasoul.bsky.social,at://did:plc:7nyb4evngyoxq5ewn6umf2dt/app.bsky.feed.post/3matkelagf22f,reply
sayaashrah.bsky.social,at://did:plc:ugkyuo6x32xgxq43m7juvech/app.bsky.feed.post/3mgow6yyyvs2e,reply
theflies.bsky.social,at://did:plc:xjb66kt2q4oz4hlz2hzl3pg2/app.bsky.feed.post/3mhgsexvubn2z,reply
theflies.bsky.social,at://did:plc:xjb66kt2q4oz4hlz2hzl3pg2/app.bsky.feed.post/3mhgseyib3a26,reply
promptslinger.bsky.social,at://did:plc:ldeafqcspb6tq46n7xgpwqw6/app.bsky.feed.post/3mip6vk36s22w,reply
sujato.bsky.social,at://did:plc:yijxnx3vxxr7nzjsat5tlbh6/app.bsky.feed.post/3mip6xxt6st26,reply
astra.photos,at://did:plc:ldeafqcspb6tq46n7xgpwqw6/app.bsky.feed.post/3mjgt36e6bc2m,reply
delight-in-peace.bsky.social,at://did:plc:ldeafqcspb6tq46n7xgpwqw6/app.bsky.feed.post/3mip6vk36s22w,reply
djon3s.bsky.social,at://did:plc:ldeafqcspb6tq46n7xgpwqw6/app.bsky.feed.post/3mip6vk36s22w,reply
djon3s.bsky.social,at://did:plc:cuuljgswacrjhkgckrw2pxma/app.bsky.feed.post/3mjgayzstlc2r,reply
sujato.bsky.social,at://did:plc:7t7bl22mdmzrb2xnpi3aufeq/app.bsky.feed.post/3mjsifewe6c2a,reply
mscykes.bsky.social,at://did:plc:zdnm6yxxqrttsdnmb5tiqtba/app.bsky.feed.post/3mmqkmxpedk27,reply
joyce4liberty.bsky.social,at://did:plc:kom2ceajoy6p4knb3ca6364t/app.bsky.feed.post/3mninutrhbk2p,reply
thecosmicwhisper.bsky.social,at://did:plc:kom2ceajoy6p4knb3ca6364t/app.bsky.feed.post/3mninutrhbk2p,reply
daiz.moe,at://did:plc:yezjmch53wfkkmm7i3hiccua/app.bsky.feed.post/3ltbtncyiik24,reply
daiz.moe,at://did:plc:yezjmch53wfkkmm7i3hiccua/app.bsky.feed.post/3ltbtncymfk24,reply
foundlingstein.bsky.social,at://did:plc:c7uyysugaszmgp3ko6zojujq/app.bsky.feed.post/3ltllpd4z3224,reply
tef.bsky.social,at://did:plc:dzqkzsraawn5lakp5ozsqcho/app.bsky.feed.post/3ltrkfuesac2y,reply
seeq.bsky.social,at://did:plc:x5jpf7ws2v2yq2z7fzf2zua4/app.bsky.feed.post/3lw32nksvns26,reply
aftermoles.bsky.social,at://did:plc:eyptdobesordcerx6b6lezb2/app.bsky.feed.post/3lw32sbhhhs2n,reply
rabagast.bsky.social,at://did:plc:pf6un43ea7kfljs4ftb4u4hc/app.bsky.feed.post/3lwxzv5eyjk2d,reply
asie.pl,at://did:plc:pimfwcxo6wysvak25ub3asg3/app.bsky.feed.post/3m5wpuaja5k24,reply
joseggarcia.bsky.social,at://did:plc:vpma5r2273up7ppnlx42t7ga/app.bsky.feed.post/3m7isk57mpc2l,reply
dot-lvl.bsky.social,at://did:plc:pdas5wcq5w642yh5n7mqlb7h/app.bsky.feed.post/3mam4idm6e22d,reply
dot-lvl.bsky.social,at://did:plc:pdas5wcq5w642yh5n7mqlb7h/app.bsky.feed.post/3mam4rgzpds2n,reply
eternalskies.neocities.org,at://did:plc:wn2xypvia25oh2xhackje4xf/app.bsky.feed.post/3mcrk6few6224,reply
ne-na-4asi.bsky.social,at://did:plc:5nzwupiq4llplmgrbdfwehlj/app.bsky.feed.post/3mcrkeyvb3c2n,reply
barleybap.bsky.social,at://did:plc:5tyvbztk3aazgc5bqfphnkt6/app.bsky.feed.post/3mfwaz6kajc2s,reply
barleybap.bsky.social,at://did:plc:5tyvbztk3aazgc5bqfphnkt6/app.bsky.feed.post/3mfwb7ehogs2s,reply
barleybap.bsky.social,at://did:plc:5tyvbztk3aazgc5bqfphnkt6/app.bsky.feed.post/3mfwb7ehogs2s,reply
italiandragon.bsky.social,at://did:plc:lfvdvfpjq4jptrbsaznvep4v/app.bsky.feed.post/3milpyu7xjs2e,reply
yuppiepsycho100.bsky.social,at://did:plc:y657vt456l4osrtb33xp7irr/app.bsky.feed.post/3mkwgebnmh22z,reply
symbo1ics.bsky.social,at://did:plc:3d6se5x4daslevs6bpibl6x7/app.bsky.feed.post/3mlhqi7vffk2o,reply
erisianrite.com,at://did:plc:osg2vzhifd2tjfsvfwua7scy/app.bsky.feed.post/3mlhqv5n5bk2w,reply
ag-hays.bsky.social,at://did:plc:osg2vzhifd2tjfsvfwua7scy/app.bsky.feed.post/3mlhqv5n5bk2w,reply
thismachinekillsfascists.bike,at://did:plc:osg2vzhifd2tjfsvfwua7scy/app.bsky.feed.post/3mlhqv5n5bk2w,reply
developrofthings.bsky.social,at://did:plc:3d6se5x4daslevs6bpibl6x7/app.bsky.feed.post/3mlhqi7vffk2o,reply
drdaeman.bsky.social,at://did:plc:jkngqiefb23ixv74nd5xttww/app.bsky.feed.post/3mlhsf3z2k22q,reply
fembyval.bsky.social,at://did:plc:3d6se5x4daslevs6bpibl6x7/app.bsky.feed.post/3mlhqi7vffk2o,reply
fembyval.bsky.social,at://did:plc:gjwzetjmh4p63g72dsuiao5x/app.bsky.feed.post/3mlip5rxuds27,reply
drdaeman.bsky.social,at://did:plc:gjwzetjmh4p63g72dsuiao5x/app.bsky.feed.post/3mlip5rxuds27,reply
threetwo.bsky.social,at://did:plc:ljpben527ucs2com44w67dxi/app.bsky.feed.post/3mlk2qfdm6c27,reply
solbgless.bsky.social,at://did:plc:jmgfyyalowqlv2dggxdtj5vz/app.bsky.feed.post/3monbtexgzc23,reply
gbaspgamer.bsky.social,at://did:plc:ypg3siafotygarb5xmpe5baz/app.bsky.feed.post/3moncpzelcs2k,reply
gbaspgamer.bsky.social,at://did:plc:jmgfyyalowqlv2dggxdtj5vz/app.bsky.feed.post/3monbtexgzc23,reply
gbaspgamer.bsky.social,at://did:plc:jmgfyyalowqlv2dggxdtj5vz/app.bsky.feed.post/3monbuqq4ck23,reply
denkounova.bsky.social,at://did:plc:jmgfyyalowqlv2dggxdtj5vz/app.bsky.feed.post/3monbtexgzc23,reply
denkounova.bsky.social,at://did:plc:a732woqh7nxvqficjbmsv7ge/app.bsky.feed.post/3monl2uxlb224,reply
adaywithoutme.bsky.social,at://did:plc:zfxwrrugybyzlvue5tvpjpzu/app.bsky.feed.post/3m6tpq2gkpk2w,reply
adaywithoutme.bsky.social,at://did:plc:zfxwrrugybyzlvue5tvpjpzu/app.bsky.feed.post/3m6tprlot5c2w,reply
epirus.bsky.social,at://did:plc:nqfe34zrm3swjqxann5blgbe/app.bsky.feed.post/3m7ftxz5vks2k,reply
epirus.bsky.social,at://did:plc:sl3sicsbsnep2qplmbz3oi2a/app.bsky.feed.post/3m7fu34jphs2g,reply
stopgenai.com,at://did:plc:nqfe34zrm3swjqxann5blgbe/app.bsky.feed.post/3m7ftxz5vks2k,reply
alice22222.bsky.social,at://did:plc:42ea5wkdjokmz6sosj5ddvhg/app.bsky.feed.post/3mac6wemmgc2b,reply
willawillnot.bsky.social,at://did:plc:42ea5wkdjokmz6sosj5ddvhg/app.bsky.feed.post/3mac6wemnfk2b,reply
yvonnezlam.bsky.social,at://did:plc:pe4agiuhnyekwfdk2atrutfh/app.bsky.feed.post/3mac6zc3oc22o,reply
sallyoo.bsky.social,at://did:plc:pe4agiuhnyekwfdk2atrutfh/app.bsky.feed.post/3mac6zc3oc22o,reply
creative-xl8.bsky.social,at://did:plc:e2kuduvc6jfexjhggy2yd4ma/app.bsky.feed.post/3mac7qeicis2u,reply
georgebest1.bsky.social,at://did:plc:cor37y2oapqf7elt2khzenr7/app.bsky.feed.post/3madlnufkgs2m,reply
shinydan.northsky.social,at://did:plc:zsoddw7ke7uxdcmdpbln5bwd/app.bsky.feed.post/3majcy2wsmk2x,reply
inertia-raptor.bsky.social,at://did:plc:fagwyvi2zfw4yuvtrql2b6if/app.bsky.feed.post/3mdvxypwko224,reply
lumininja91.bsky.social,at://did:plc:25r6yfsln5zgk5f6gw24y3dh/app.bsky.feed.post/3mdvzqsdpa226,reply
mokie.bsky.social,at://did:plc:ixsrksm42uudz5ka5tuaup2u/app.bsky.feed.post/3mfkk7uu4o22u,reply
grey-hawk.bsky.social,at://did:plc:4krgnkyiqrcqlpfbj7zwwz5x/app.bsky.feed.post/3mfutwsdcp224,reply
grey-hawk.bsky.social,at://did:plc:zv6usxsyjr6lg67ytpbary6d/app.bsky.feed.post/3mfv6td4isc2o,reply
weatherby.bsky.social,at://did:plc:4krgnkyiqrcqlpfbj7zwwz5x/app.bsky.feed.post/3mfutwsdcp224,reply
blazingwaters.myatproto.social,at://did:plc:zfjrs3usrlszcey7wnduonct/app.bsky.feed.post/3mfuvyk2pfk22,reply
ellieglassheart.bsky.social,at://did:plc:4krgnkyiqrcqlpfbj7zwwz5x/app.bsky.feed.post/3mfutwsdcp224,reply
colossalwave4270.bsky.social,at://did:plc:4krgnkyiqrcqlpfbj7zwwz5x/app.bsky.feed.post/3mfutwsdcp224,reply
horrorosa.bsky.social,at://did:plc:4krgnkyiqrcqlpfbj7zwwz5x/app.bsky.feed.post/3mfutwsdcp224,reply
mostech6502.bsky.social,at://did:plc:4krgnkyiqrcqlpfbj7zwwz5x/app.bsky.feed.post/3mfutwsdcp224,reply
mostech6502.bsky.social,at://did:plc:vuwi7zajg2r4k5cdfnanujpr/app.bsky.feed.post/3mfuuzfb2s22e,reply
desdarkdesigns.neocities.org,at://did:plc:vuwi7zajg2r4k5cdfnanujpr/app.bsky.feed.post/3mfuuzfb2s22e,reply
ubuyo.bsky.social,at://did:plc:4krgnkyiqrcqlpfbj7zwwz5x/app.bsky.feed.post/3mfutwsdcp224,reply
themobilespider.bsky.social,at://did:plc:4krgnkyiqrcqlpfbj7zwwz5x/app.bsky.feed.post/3mfutwsdcp224,reply
banettedabest.bsky.social,at://did:plc:4krgnkyiqrcqlpfbj7zwwz5x/app.bsky.feed.post/3mfutwsdcp224,reply
sethwindam.bsky.social,at://did:plc:4krgnkyiqrcqlpfbj7zwwz5x/app.bsky.feed.post/3mfutwsdcp224,reply
boxwithahat.bsky.social,at://did:plc:ocwcn4cozhlmnkazwr73tubd/app.bsky.feed.post/3mfuv6skeyc2e,reply
sharpie.zone,at://did:plc:ocwcn4cozhlmnkazwr73tubd/app.bsky.feed.post/3mfuv6skeyc2e,reply
danthebrad.bsky.social,at://did:plc:4krgnkyiqrcqlpfbj7zwwz5x/app.bsky.feed.post/3mfutwsdcp224,reply
silkytao.tgirl.beauty,at://did:plc:4krgnkyiqrcqlpfbj7zwwz5x/app.bsky.feed.post/3mfutwsdcp224,reply
itnoetic.blacksky.app,at://did:plc:4krgnkyiqrcqlpfbj7zwwz5x/app.bsky.feed.post/3mfutwsdcp224,reply
itnoetic.blacksky.app,at://did:plc:ly33yap4omoqtxqeivjaj2dc/app.bsky.feed.post/3mfuxetgyrc2o,reply
farmergadda.bsky.social,at://did:plc:4krgnkyiqrcqlpfbj7zwwz5x/app.bsky.feed.post/3mfutwsdcp224,reply
re-crix.bsky.social,at://did:plc:4krgnkyiqrcqlpfbj7zwwz5x/app.bsky.feed.post/3mfutwsdcp224,reply
secretaquarium.bsky.social,at://did:plc:4krgnkyiqrcqlpfbj7zwwz5x/app.bsky.feed.post/3mfutwsdcp224,reply
elmore.zone,at://did:plc:eyb4jowhuj3xg22grrrrv6c6/app.bsky.feed.post/3mfuxkmwkbc2g,reply
pantherapardus.bsky.social,at://did:plc:eyb4jowhuj3xg22grrrrv6c6/app.bsky.feed.post/3mfuxkmwkbc2g,reply
sparklingstarpunch.bsky.social,at://did:plc:eyb4jowhuj3xg22grrrrv6c6/app.bsky.feed.post/3mfuxkmwkbc2g,reply
perroconanteojos.bsky.social,at://did:plc:4krgnkyiqrcqlpfbj7zwwz5x/app.bsky.feed.post/3mfutwsdcp224,reply
vi9999.bsky.social,at://did:plc:4krgnkyiqrcqlpfbj7zwwz5x/app.bsky.feed.post/3mfutwsdcp224,reply
cuppakofe.bsky.social,at://did:plc:4krgnkyiqrcqlpfbj7zwwz5x/app.bsky.feed.post/3mfutwsdcp224,reply
deemoncove.neocities.org,at://did:plc:4krgnkyiqrcqlpfbj7zwwz5x/app.bsky.feed.post/3mfutwsdcp224,reply
kerbumble.bsky.social,at://did:plc:asx5zdyyguek2kk6sjweq3ya/app.bsky.feed.post/3mfuwkecsu22d,reply
deemoncove.neocities.org,at://did:plc:asx5zdyyguek2kk6sjweq3ya/app.bsky.feed.post/3mfuwkecsu22d,reply
lillyhellning.bsky.social,at://did:plc:4krgnkyiqrcqlpfbj7zwwz5x/app.bsky.feed.post/3mfutwsdcp224,reply
transwitchsammy.bsky.social,at://did:plc:4krgnkyiqrcqlpfbj7zwwz5x/app.bsky.feed.post/3mfutwsdcp224,reply
mattihase.bsky.social,at://did:plc:4krgnkyiqrcqlpfbj7zwwz5x/app.bsky.feed.post/3mfutwsdcp224,reply
tonch.corneria.city,at://did:plc:4krgnkyiqrcqlpfbj7zwwz5x/app.bsky.feed.post/3mfutwsdcp224,reply
blazingwaters.myatproto.social,at://did:plc:4krgnkyiqrcqlpfbj7zwwz5x/app.bsky.feed.post/3mfutwsdcp224,reply
blazingwaters.myatproto.social,at://did:plc:4krgnkyiqrcqlpfbj7zwwz5x/app.bsky.feed.post/3mfuu6vx2e224,reply
wickbrstm.bsky.social,at://did:plc:4krgnkyiqrcqlpfbj7zwwz5x/app.bsky.feed.post/3mfutwsdcp224,reply
jeremybaker.actor,at://did:plc:4krgnkyiqrcqlpfbj7zwwz5x/app.bsky.feed.post/3mfutwsdcp224,reply
mildmole.bsky.social,at://did:plc:4krgnkyiqrcqlpfbj7zwwz5x/app.bsky.feed.post/3mfutwsdcp224,reply
mightyk.bsky.social,at://did:plc:3oxce6lzlxqhml5dpt7uo77b/app.bsky.feed.post/3mfuvj52bp22y,reply
clairvoyantvibes.bsky.social,at://did:plc:3oxce6lzlxqhml5dpt7uo77b/app.bsky.feed.post/3mfuvj52bp22y,reply
plushmayhem.bsky.social,at://did:plc:3oxce6lzlxqhml5dpt7uo77b/app.bsky.feed.post/3mfuvj52bp22y,reply
beyond-infinity.nekoweb.org,at://did:plc:3oxce6lzlxqhml5dpt7uo77b/app.bsky.feed.post/3mfuvj52bp22y,reply
skasaha.bsky.social,at://did:plc:3oxce6lzlxqhml5dpt7uo77b/app.bsky.feed.post/3mfuvj52bp22y,reply
gamergalmilla.bsky.social,at://did:plc:3oxce6lzlxqhml5dpt7uo77b/app.bsky.feed.post/3mfuvj52bp22y,reply
snowyaria.goodorevengreat.games,at://did:plc:3oxce6lzlxqhml5dpt7uo77b/app.bsky.feed.post/3mfuvj52bp22y,reply
taniyn.quest,at://did:plc:3oxce6lzlxqhml5dpt7uo77b/app.bsky.feed.post/3mfuvj52bp22y,reply
aeongenesis.net,at://did:plc:3oxce6lzlxqhml5dpt7uo77b/app.bsky.feed.post/3mfuvj52bp22y,reply
zackulous.bsky.social,at://did:plc:3oxce6lzlxqhml5dpt7uo77b/app.bsky.feed.post/3mfuvj52bp22y,reply
mildmole.bsky.social,at://did:plc:3oxce6lzlxqhml5dpt7uo77b/app.bsky.feed.post/3mfuvj52bp22y,reply
isiikah.bsky.social,at://did:plc:3oxce6lzlxqhml5dpt7uo77b/app.bsky.feed.post/3mfuvj52bp22y,reply
doodlemancy.com,at://did:plc:4krgnkyiqrcqlpfbj7zwwz5x/app.bsky.feed.post/3mfutwsdcp224,reply
quilowisp.bsky.social,at://did:plc:2x2ij7t5x7lh3bxn3pctfzen/app.bsky.feed.post/3mfuzsrwjck2l,reply
woodaba.bsky.social,at://did:plc:dl32ruwcpxyzs5yb3l7lbi5c/app.bsky.feed.post/3mfuulgmdm22f,reply
violentwind.bsky.social,at://did:plc:dl32ruwcpxyzs5yb3l7lbi5c/app.bsky.feed.post/3mfuulgmdm22f,reply
pennybee.bsky.social,at://did:plc:dl32ruwcpxyzs5yb3l7lbi5c/app.bsky.feed.post/3mfuulgmdm22f,reply
pennybee.bsky.social,at://did:plc:dl32ruwcpxyzs5yb3l7lbi5c/app.bsky.feed.post/3mfuuyninrs2f,reply
brandon.insertcredit.com,at://did:plc:hw753x7fbyzmn5ouveyepbxx/app.bsky.feed.post/3mfuv3yobtc2d,reply
puke.bsky.social,at://did:plc:qpbuxrel3f3njvjw5rakf532/app.bsky.feed.post/3mfuv6o6mdc2u,reply
puke.bsky.social,at://did:plc:hw753x7fbyzmn5ouveyepbxx/app.bsky.feed.post/3mfuv3yobtc2d,reply
bloomedwings.bsky.social,at://did:plc:hw753x7fbyzmn5ouveyepbxx/app.bsky.feed.post/3mfuv3yobtc2d,reply
puke.bsky.social,at://did:plc:55zt77jyhfaxakkn7fltomtv/app.bsky.feed.post/3mfuvahwi622q,reply
robotfaker.bsky.social,at://did:plc:j54ofwzkxbeyjs6m2jwvwuro/app.bsky.feed.post/3mfuwgxqh622r,reply
phroodloops.bsky.social,at://did:plc:tgxcdzw6lykh2flgkcysiydd/app.bsky.feed.post/3mfuwosjsos2x,reply
actual-robot.bsky.social,at://did:plc:tvzetckkl7vpvzm7sdsg6xop/app.bsky.feed.post/3mfuxjndjq22s,reply
lowdefal.bsky.social,at://did:plc:27htwab7lxwj3bx56tlvoygk/app.bsky.feed.post/3mfw6gswles2c,reply
qazimod.bsky.social,at://did:plc:47dx5gpjurz7gqyhw5pqnawt/app.bsky.feed.post/3mfw6zjl4622n,reply
zonino.bsky.social,at://did:plc:5tyvbztk3aazgc5bqfphnkt6/app.bsky.feed.post/3mfwm47bzv22d,reply
cascadepersona.bsky.social,at://did:plc:5tyvbztk3aazgc5bqfphnkt6/app.bsky.feed.post/3mfwm47bzv22d,reply
chromarin.bsky.social,at://did:plc:5tyvbztk3aazgc5bqfphnkt6/app.bsky.feed.post/3mfwm47bzv22d,reply
turnarklight.bsky.social,at://did:plc:5tyvbztk3aazgc5bqfphnkt6/app.bsky.feed.post/3mfwm47bzv22d,reply
kriswolfhe.art,at://did:plc:5tyvbztk3aazgc5bqfphnkt6/app.bsky.feed.post/3mfwm47bzv22d,reply
grasslamb.bsky.social,at://did:plc:5tyvbztk3aazgc5bqfphnkt6/app.bsky.feed.post/3mfwm47bzv22d,reply
nbisbo.bsky.social,at://did:plc:5tyvbztk3aazgc5bqfphnkt6/app.bsky.feed.post/3mfwm47bzv22d,reply
violencebottom.bsky.social,at://did:plc:5tyvbztk3aazgc5bqfphnkt6/app.bsky.feed.post/3mfwm47bzv22d,reply
yomil.bsky.social,at://did:plc:5tyvbztk3aazgc5bqfphnkt6/app.bsky.feed.post/3mfwm47bzv22d,reply
peytral.bsky.social,at://did:plc:5tyvbztk3aazgc5bqfphnkt6/app.bsky.feed.post/3mfwm47bzv22d,reply
vhbonesy.bsky.social,at://did:plc:pvepiegjessj564vru7cclme/app.bsky.feed.post/3mfwtvyp6ss2i,reply
minamiyo.bsky.social,at://did:plc:5tyvbztk3aazgc5bqfphnkt6/app.bsky.feed.post/3mfwm47bzv22d,reply
banettedabest.bsky.social,at://did:plc:5tyvbztk3aazgc5bqfphnkt6/app.bsky.feed.post/3mfwm47bzv22d,reply
moondoll.bsky.social,at://did:plc:5tyvbztk3aazgc5bqfphnkt6/app.bsky.feed.post/3mfwm47bzv22d,reply
katarjin.bsky.social,at://did:plc:5tyvbztk3aazgc5bqfphnkt6/app.bsky.feed.post/3mfwm47bzv22d,reply
flynnjeux.bsky.social,at://did:plc:5tyvbztk3aazgc5bqfphnkt6/app.bsky.feed.post/3mfwm47bzv22d,reply
centurycol0r.bsky.social,at://did:plc:5tyvbztk3aazgc5bqfphnkt6/app.bsky.feed.post/3mfwm47bzv22d,reply
burgersama.bsky.social,at://did:plc:5tyvbztk3aazgc5bqfphnkt6/app.bsky.feed.post/3mfwm47bzv22d,reply
gaymerherb.bsky.social,at://did:plc:5tyvbztk3aazgc5bqfphnkt6/app.bsky.feed.post/3mfwm47bzv22d,reply
zaggitz.bsky.social,at://did:plc:5tyvbztk3aazgc5bqfphnkt6/app.bsky.feed.post/3mfwm47bzv22d,reply
therealjarkes.bsky.social,at://did:plc:5tyvbztk3aazgc5bqfphnkt6/app.bsky.feed.post/3mfwm47bzv22d,reply
barleybap.bsky.social,at://did:plc:higc3ybdqqtdhfubriw72xgi/app.bsky.feed.post/3mfxbxbvby22g,reply
dwirru.bsky.social,at://did:plc:5tyvbztk3aazgc5bqfphnkt6/app.bsky.feed.post/3mfwm47bzv22d,reply
pinkdodecahedron.bsky.social,at://did:plc:5tyvbztk3aazgc5bqfphnkt6/app.bsky.feed.post/3mfwm47bzv22d,reply
moofymoofy.bsky.social,at://did:plc:5tyvbztk3aazgc5bqfphnkt6/app.bsky.feed.post/3mfwm47bzv22d,reply
jetstorm4.itch.io,at://did:plc:5tyvbztk3aazgc5bqfphnkt6/app.bsky.feed.post/3mfwm47bzv22d,reply
barleybap.bsky.social,at://did:plc:7wbh3kv4xvru55fwbc4fy375/app.bsky.feed.post/3mfzgxz2jts27,reply
nerdevar.bsky.social,at://did:plc:5tyvbztk3aazgc5bqfphnkt6/app.bsky.feed.post/3mfwm47bzv22d,reply
barleybap.bsky.social,at://did:plc:5tyvbztk3aazgc5bqfphnkt6/app.bsky.feed.post/3mfwm47bzv22d,reply
screwy.bsky.social,at://did:plc:5tyvbztk3aazgc5bqfphnkt6/app.bsky.feed.post/3mfwmcpha3k2d,reply
sonnezerfall.bsky.social,at://did:plc:5tyvbztk3aazgc5bqfphnkt6/app.bsky.feed.post/3mfwmcpha3k2d,reply
lezzyrezzy.bsky.social,at://did:plc:5tyvbztk3aazgc5bqfphnkt6/app.bsky.feed.post/3mfwmcpha3k2d,reply
tapirodonte.bsky.social,at://did:plc:5tyvbztk3aazgc5bqfphnkt6/app.bsky.feed.post/3mfwm47bzv22d,reply
crookedknight.bsky.social,at://did:plc:5b3sdb2wun53zdp4ggr6mvzf/app.bsky.feed.post/3mfx5xg4gic2r,reply
qvotoms.bsky.social,at://did:plc:5b3sdb2wun53zdp4ggr6mvzf/app.bsky.feed.post/3mfx5xg4gic2r,reply
barleybap.bsky.social,at://did:plc:5b3sdb2wun53zdp4ggr6mvzf/app.bsky.feed.post/3mfx5xg4gic2r,reply
sabera.mesia.blog,at://did:plc:5tyvbztk3aazgc5bqfphnkt6/app.bsky.feed.post/3mfwm47bzv22d,reply
lameposting.bsky.social,at://did:plc:5tyvbztk3aazgc5bqfphnkt6/app.bsky.feed.post/3mfwm47bzv22d,reply
nbisbo.bsky.social,at://did:plc:3kswhzctgiq3siswflx6evv7/app.bsky.feed.post/3mfx5j3ibrc2p,reply
fighunter93.bsky.social,at://did:plc:5tyvbztk3aazgc5bqfphnkt6/app.bsky.feed.post/3mfwm47bzv22d,reply
barleybap.bsky.social,at://did:plc:2iri5r2tbsq3eukoen3gjabg/app.bsky.feed.post/3mfxjofels22b,reply
ydross.bsky.social,at://did:plc:iiyn3rpm6yujdoja3lmyheru/app.bsky.feed.post/3mfwoabrlg224,reply
turboshawn.com,at://did:plc:mdhvp63ntsvmp2skghjekaec/app.bsky.feed.post/3mfwoerjqik24,reply
turboshawn.com,at://did:plc:iiyn3rpm6yujdoja3lmyheru/app.bsky.feed.post/3mfwoabrlg224,reply
davemaru.bsky.social,at://did:plc:6y3qbowexrndoamjqir24wh7/app.bsky.feed.post/3mgcy4eki7k2x,reply
westenbrink.net,at://did:plc:rn73eqbs3j4acorf2fqolqkk/app.bsky.feed.post/3mgd27asamc2u,reply
m.sappir.net,at://did:plc:q24ugqwvjdjxa62v7wruygtl/app.bsky.feed.post/3mho3ew6o622x,reply
stzeitouni.bsky.social,at://did:plc:7nt63h7fmrzd62slto46vyog/app.bsky.feed.post/3mho3jph7i22y,reply
khandozo.bsky.social,at://did:plc:lau3pyzaik7lf5o5mxyz37di/app.bsky.feed.post/3mhoiihsj4s2e,reply
joncg.bsky.social,at://did:plc:23xjb5aeghfvfz7ewgcbbajz/app.bsky.feed.post/3mhsdljf3n22s,reply
oisinmcgann.bsky.social,at://did:plc:3strmp2lknyp2qvyu6yayuea/app.bsky.feed.post/3mhseh75zps2i,reply
tomlloydwrites.bsky.social,at://did:plc:23xjb5aeghfvfz7ewgcbbajz/app.bsky.feed.post/3mhsdljf3n22s,reply
ainzeta.bsky.social,at://did:plc:5bci2moh5rivf7nh4nmhkpv5/app.bsky.feed.post/3mijpmthhbk2i,reply
aydracz.bsky.social,at://did:plc:sxyl3lkwi36i5caw2nop2dry/app.bsky.feed.post/3miu4jpjtnk2x,reply
alamkara.bsky.social,at://did:plc:6ljix2gyn5vvbkiwtkezsij5/app.bsky.feed.post/3mma4l2eo4c2r,reply
alamkara.bsky.social,at://did:plc:v5l65wuf244e6oaj6vxg5jgx/app.bsky.feed.post/3mma6aumde22c,reply
runefar.bsky.social,at://did:plc:6ljix2gyn5vvbkiwtkezsij5/app.bsky.feed.post/3mma4l2eo4c2r,reply
alamkara.bsky.social,at://did:plc:6ljix2gyn5vvbkiwtkezsij5/app.bsky.feed.post/3mma4pzcxtc2r,reply
prompt.streetwi.se.ap.brid.gy,at://did:plc:fcql4dxu22g4x732wq277dud/app.bsky.feed.post/3mmmjvkuztrd2,reply
prompt.streetwi.se.ap.brid.gy,at://did:plc:fcql4dxu22g4x732wq277dud/app.bsky.feed.post/3mmmjvylvpmu2,reply
seokjinzero.bsky.social,at://did:plc:3j4pfxejmrd2q3mfahkljkba/app.bsky.feed.post/3mnclwzuao22t,reply
roseksjs.bsky.social,at://did:plc:77iexwavx2iafsnfxpzwjn43/app.bsky.feed.post/3mncqj6ewi22w,reply
talltide.bsky.social,at://did:plc:5w3jgb5cvs7rsmj3xnruvmag/app.bsky.feed.post/3mnfajtq2vs2z,reply
talltide.bsky.social,at://did:plc:5w3jgb5cvs7rsmj3xnruvmag/app.bsky.feed.post/3mnfajugdsc2z,reply
dahep.bsky.social,at://did:plc:exm5zgqj4ktgqwpu2bguopov/app.bsky.feed.post/3mnilhetwbs2n,reply
dahep.bsky.social,at://did:plc:exm5zgqj4ktgqwpu2bguopov/app.bsky.feed.post/3mniltpcoyk2n,reply
aohsusometimesy.bsky.social,at://did:plc:5yoruzm6gs4bj42id2ye7yz7/app.bsky.feed.post/3lwr2bufdfs2k,reply
aohsusometimesy.bsky.social,at://did:plc:5yoruzm6gs4bj42id2ye7yz7/app.bsky.feed.post/3lwr2bufdfs2k,reply
sofiainlondon09.bsky.social,at://did:plc:wbeddpnj6mgrxeat26bsd6qn/app.bsky.feed.post/3lwwxdewxbhiv,reply
nadinettr.bsky.social,at://did:plc:htzpowggrypjxtce4zy5yv34/app.bsky.feed.post/3lwx223zuts2o,reply
nindb.net,at://did:plc:kiti2iz4bvb5aqe2xdi3f4xd/app.bsky.feed.post/3lwx7w3uql22j,reply
antonhur.com,at://did:plc:ifs5tcdazhpomejrwlhrltqn/app.bsky.feed.post/3lxcufww5wc23,reply
hengymrohebwlad.bsky.social,at://did:plc:sjua4e65mgijcdv57qns2bjk/app.bsky.feed.post/3lxcuttwcik24,reply
francoisdejeuner.bsky.social,at://did:plc:d3axradewgnlnhvmbarz3quq/app.bsky.feed.post/3lxk7ofmz7k2j,reply
bodark.bsky.social,at://did:plc:d3axradewgnlnhvmbarz3quq/app.bsky.feed.post/3lxk7ofmz7k2j,reply
shuberfuber.bsky.social,at://did:plc:aue4fu5cdnnevzbubu6kiby3/app.bsky.feed.post/3lxwqx6weqk2p,reply
lynnnothegger.bsky.social,at://did:plc:fdfqws2n7updeppqpqrfkews/app.bsky.feed.post/3m3elsorkzc2t,reply
lynnnothegger.bsky.social,at://did:plc:fdfqws2n7updeppqpqrfkews/app.bsky.feed.post/3m3emb4s2js2t,reply
sallylorenhaj.bsky.social,at://did:plc:fdfqws2n7updeppqpqrfkews/app.bsky.feed.post/3m3emb4s2js2t,reply
railgunrabbit.bsky.social,at://did:plc:mjlxy7jw7guxwarggr2irkym/app.bsky.feed.post/3m7x6rdtlts2v,reply
madamedefargeknits.bsky.social,at://did:plc:axwzy24tl4wfao433pkjbmg4/app.bsky.feed.post/3ma6tdkmmds2x,reply
systemsearcher.neocities.org,at://did:plc:l5rlg6ezxk7hi5gr6zbiuncd/app.bsky.feed.post/3maimjr7lsq22,reply
systemsearcher.neocities.org,at://did:plc:l5rlg6ezxk7hi5gr6zbiuncd/app.bsky.feed.post/3maimjr7ppq22,reply
hiyapixel.bsky.social,at://did:plc:qcqcxtwqx4qtoow3dabazxfz/app.bsky.feed.post/3makuqwhij22r,reply
hiyapixel.bsky.social,at://did:plc:qcqcxtwqx4qtoow3dabazxfz/app.bsky.feed.post/3makuqwhlgs2r,reply
joescaramanga.co.uk,at://did:plc:roa3vyikdjlkny4jv262cqqs/app.bsky.feed.post/3mdumi5q6bs24,reply
nibus.bsky.social,at://did:plc:iwjekmlgf3nrymddat767224/app.bsky.feed.post/3mdumod3wrk2p,reply
jsinclair.bsky.social,at://did:plc:iwjekmlgf3nrymddat767224/app.bsky.feed.post/3mdumod3wrk2p,reply
andreaceleste.meangirls.online,at://did:plc:gahohlk7eiqpwn3a4mrmv6c5/app.bsky.feed.post/3mellurk5ks27,reply
albertherring.bsky.social,at://did:plc:hzan3hfuphm7peafhu4todeq/app.bsky.feed.post/3melm6yiw5s23,reply
